Placement,In-game Name,Full Name,Total Earnings,Game,Earnings from game,Percent of total,Team Name,Age during most earnings,Country of Origin
1,N0tail,Johan Sundstein,7183837.80,Dota 2,7172111.58,99.84%,OG,19,Denmark
2,JerAx,Jesse Vainikka,6475948.78,Dota 2,6475400.02,99.99%,OG,20,Finland
3,ana,Anathan Pham,6004411.96,Dota 2,6004411.96,100.00%,OG,18,Australia
4,Ceb,Sébastien Debs,5773909.40,Dota 2,5773909.40,100.00%,OG,26,France
5,Topson,Topias Taavitsainen,5690417.57,Dota 2,5690417.57,100.00%,OG,20,Finland
6,KuroKy,Kuro Takhasomi,5221264.15,Dota 2,5219540.81,99.97%,Team Liquid,24,Germany
7,Miracle-,Amer Al-Barkawi,4824201.68,Dota 2,4824201.68,100.00%,Team Liquid,19,Jordan
8,MinD_ContRoL,Ivan Ivanov,4605276.16,Dota 2,4605276.16,100.00%,Team Liquid,22,Bulgaria
9,Matumbaman,Lasse Urpalainen,4520649.04,Dota 2,4520649.04,100.00%,Team Liquid,21,Finland
10,GH,Maroun Merhej,4219570.69,Dota 2,4219570.69,100.00%,Team Liquid,21,Lebanon
11,Miposhka,Yaroslav Naidenov,3945633.01,Dota 2,3945633.01,100.00%,Team Spirit,23,Russia
12,SumaiL,Sumail Hassan,3827164.01,Dota 2,3827164.01,100.00%,Evil Geniuses,16,Pakistan
13,TORONTOTOKYO,Alexander Khertek,3715027.22,Dota 2,3715027.22,100.00%,Team Spirit,23,Russia
14,Collapse,Magomed Khalilov,3713542.59,Dota 2,3713542.59,100.00%,Team Spirit,19,Russia
15,Yatoro,Ilya Mulyarchuk,3712234.47,Dota 2,3712234.47,100.00%,Team Spirit,17,Ukraine
16,Mira,Miroslaw Kolpakov,3703691.05,Dota 2,3703691.05,100.00%,Team Spirit,21,Ukraine
17,Puppey,Clement Ivanov,3616674.23,Dota 2,3615604.17,99.97%,Team Secret,30,Estonia
18,Ame,"Wang, Chunyu",3426991.07,Dota 2,3426991.07,100.00%,Paris Saint-Germain Esports,23,China
19,y`,Zhang Yiping,3280074.08,Dota 2,3280074.08,100.00%,Wings Gaming,16,China
20,Zai,Ludwig Wåhlberg,3279509.02,Dota 2,3259414.31,99.39%,Team Secret,23,Sweden
21,Faith_bian,Zhang Ruida,3261513.66,Dota 2,3261513.66,100.00%,Wings Gaming,16,China
22,Bugha,Kyle Giersdorf,3175211.72,Fortnite,3162545.05,99.60%,Sentinels,18,America
23,Somnus丶M,Lu Yao,3143337.59,Dota 2,3143337.59,100.00%,Paris Saint-Germain Esports,22,China
24,UNiVeRsE,Saahil Arora,3057237.67,Dota 2,3057237.67,100.00%,Evil Geniuses,25,America
25,fy,"Xu, Linsen",3042472.38,Dota 2,3042472.38,100.00%,Paris Saint-Germain Esports,24,China
26,ppd,Peter Dager,3029331.36,Dota 2,3001619.62,99.09%,Evil Geniuses,23,America
27,s4,Gustav Magnusson,2735953.74,Dota 2,2730894.97,99.82%,Evil Geniuses,26,Sweden
28,Fly,Tal Aizik,2612050.81,Dota 2,2594635.91,99.33%,Evil Geniuses,25,Israel
29,Fear,Clinton Loomis,2564313.19,Dota 2,2562957.34,99.95%,Evil Geniuses,26,America
30,Arteezy,Artour Babaev,2474133.21,Dota 2,2474133.21,100.00%,Evil Geniuses,22,Canada
31,KaKa,"Hu, Liangzhi",2330597.84,Dota 2,2330597.84,100.00%,Newbee,24,China
32,YapzOr,Yazied Jaradat,2285298.67,Dota 2,2285298.67,100.00%,Team Secret,26,Jordan
33,w33,Aliwi Omar,2284523.58,Dota 2,2284523.58,100.00%,Team Liquid,23,Romania
34,Cr1t,Andreas Nielsen,2225258.31,Dota 2,2225258.31,100.00%,Evil Geniuses,22,Denmark
35,Aui_2000,Kurtis Ling,2008582.54,Dota 2,2008582.54,100.00%,Evil Geniuses,22,Canada
36,iceice,"Li, Peng",2002159.51,Dota 2,2002159.51,100.00%,Wings Gaming,20,China
37,Aqua,David Wang,1998174.23,Fortnite,1993174.23,99.75%,Cooler Esport,16,Austria
38,Shadow,Chu Zeyu,1982225.70,Dota 2,1982225.70,100.00%,Wings Gaming,18,China
39,bLink,Zhou Yang,1960956.47,Dota 2,1960956.47,100.00%,Wings Gaming,21,China
40,psalm,Harrison Chang,1958450.00,Fortnite,1873538.80,95.66%,Counter Logic Gaming,24,America
41,dupreeh,Peter Rasmussen,1943081.07,Counter-Strike: Global Offensive,1943081.07,100.00%,Astralis,25,Denmark
42,Xyp9x,Andreas Højsleth,1928850.13,Counter-Strike: Global Offensive,1927180.23,99.91%,Astralis,23,Denmark
43,dev1ce,Nicolai Reedtz,1923054.30,Counter-Strike: Global Offensive,1921931.54,99.94%,Astralis,23,Denmark
44,xNova,"Yap, Jianwei",1903965.19,Dota 2,1903965.19,100.00%,Paris Saint-Germain Esports,20,Malaysia
45,xiao8,"Zhang, Ning",1877434.96,Dota 2,1869994.33,99.60%,Newbee,25,China
46,Chalice,"Yang, Shenyi",1870322.09,Dota 2,1870322.09,100.00%,Paris Saint-Germain Esports,19,China
47,kpii,Damien Chok,1831601.97,Dota 2,1831601.97,100.00%,Newbee,23,Australia
48,MidOne,"Zheng, Yeik Nai",1808619.69,Dota 2,1808619.69,100.00%,Team Secret,22,Malaysia
49,RAMZES666,Roman Kushnarev,1798052.48,Dota 2,1798052.48,100.00%,Virtus.pro,18,Russia
50,Solo,Aleksey Berezin,1792504.89,Dota 2,1792504.89,100.00%,Virtus.pro,27,Russia
51,gla1ve,Lukas Rossander,1784267.40,Counter-Strike: Global Offensive,1779342.41,99.72%,Astralis,23,Denmark
52,iceiceice,"Koh, Daryl Pei Xiang",1778621.96,Dota 2,1776221.96,99.87%,Vici Gaming,24,Singapore
53,Super,"Xie, Junhao",1765126.18,Dota 2,1745095.53,98.87%,LGD Gaming,24,China
54,Faith,"Zeng, Hongda",1764520.75,Dota 2,1745944.26,98.95%,Newbee,25,China
55,Hao,"Chen, Zhihao",1761646.83,Dota 2,1755205.74,99.63%,Newbee,21,China
56,9pasha,Pavel Khvastunov,1722035.13,Dota 2,1722035.13,100.00%,Virtus.pro,25,Russia
57,Nisha,Michał Jankowski,1685453.71,Dota 2,1685453.71,100.00%,Team Secret,20,Poland
58,Noone,Vladimir Minenko,1635873.45,Dota 2,1635873.45,100.00%,Virtus.pro,20,Ukraine
59,eLeVeN,Ren Yangwei,1552151.07,Dota 2,1552151.07,100.00%,Vici Gaming,25,China
60,Nyhrox,Emil Bergquist Pedersen,1538395.69,Fortnite,1538395.69,100.00%,Cooler Esport,17,Norway
61,Magisk,Emil Reif,1536540.30,Counter-Strike: Global Offensive,1536540.30,100.00%,Astralis,19,Denmark
62,LaNm,"Zhang, Zhicheng",1521799.21,Dota 2,1521346.53,99.97%,EHOME,25,China
63,s1mple,Alexander Kostylev,1521738.65,Counter-Strike: Global Offensive,1521738.65,100.00%,Natus Vincere,23,Ukraine
64,MiSeRy,Rasmus Fillipsen,1503371.67,Dota 2,1502601.92,99.95%,Digital Chaos,24,Denmark
65,Resolut1on,Roman Fominok,1471220.75,Dota 2,1471220.75,100.00%,Digital Chaos,18,Ukraine
66,Fenrir,"Lu, Chao",1402208.92,Dota 2,1402208.92,100.00%,Vici Gaming,26,China
67,FATA,Adrian Trinks,1392688.82,Dota 2,1392688.82,100.00%,Team Secret,25,Germany
68,Mu,"Zhang, Pan",1390711.71,Dota 2,1386339.43,99.69%,Newbee,24,China
69,electronic,Denis Sharipov,1375475.33,Counter-Strike: Global Offensive,1375475.33,100.00%,Natus Vincere,22,Russia
70,XinQ,"Zhao, Zixing",1368772.24,Dota 2,1368772.24,100.00%,Paris Saint-Germain Esports,22,China
71,EpikWhale,Shane Cotton,1354667.32,Fortnite,1354667.32,100.00%,NRG Esports,16,America
72,RodjER,Vladimir Nikogosyan,1352996.69,Dota 2,1352996.69,100.00%,Virtus.pro,24,Russia
73,Wolfiez,Jaden Ashman,1349828.07,Fortnite,1349828.07,100.00%,Lazarus,15,United Kingdom
74,DDC,"Liang, Fa Ming",1345435.47,Dota 2,1337308.37,99.40%,LGD Gaming,26,Macau
75,C6,Ian Porter,1333092.80,Call of Duty,353000.00,26.48%,OpTic Gaming,23,America
76,Zayt,Williams Aubin,1327731.42,Fortnite,1200806.42,90.44%,Independent,18,Canada
77,Faker,"Lee, Sang Hyeok",1309607.54,League of Legends,1309607.54,100.00%,T1,17,South Korea
78,Banana,"Jiao, Wang",1283122.84,Dota 2,1271085.00,99.06%,LGD Gaming,0,China
79,Sccc,"Song, Chun",1279349.54,Dota 2,1279349.54,100.00%,Newbee,21,China
80,Saksa,Martin Sazdov,1266204.75,Dota 2,1266204.75,100.00%,Digital Chaos,20,North Macedonia
81,Sylar,"Liu, Jiajun",1227612.19,Dota 2,1221557.14,99.51%,Vici Gaming,20,China
82,Moogy,Xu Han,1221917.10,Dota 2,1221917.10,100.00%,Newbee,22,China
83,Kreo,Nate Kou,1221159.74,Fortnite,1221159.74,100.00%,Lazarus,18,America
84,Rojo,Dave Jong,1214643.33,Fortnite,1214643.33,100.00%,Lazarus,0,Netherlands
85,SanSheng,"Wang, Zhaohui",1211061.38,Dota 2,1202225.88,99.27%,Newbee,24,China
86,Ori,"Zeng, Jiaoyang",1207735.36,Dota 2,1207735.36,100.00%,Vici Gaming,25,China
87,Clayster,James Eubanks,1198021.68,Call of Duty,365500.00,30.51%,eUnited,26,America
88,NothingToSay,"Cheng, Jin Xiang",1193076.53,Dota 2,1193076.53,100.00%,Paris Saint-Germain Esports,20,Malaysia
89,Yao,"Yao, Zhengzheng",1192081.08,Dota 2,1186002.61,99.49%,LGD Gaming,24,China
90,Stewie2k,Jakey Yip,1185923.20,Counter-Strike: Global Offensive,1184973.20,99.92%,Team Liquid,21,America
91,Paparazi,"Zhang, Chengjun",1179257.39,Dota 2,1179257.39,100.00%,Vici Gaming,22,China
92,Saf,Rocco Morales,1166312.02,Fortnite,1166312.02,100.00%,Independent,0,America
93,FalleN,Gabriel Toledo,1144342.41,Counter-Strike: Global Offensive,1136438.92,99.31%,SK Gaming,24,Brazil
94,Ceice,Davis McClellan,1117155.47,Fortnite,1117155.47,100.00%,100 Thieves,0,America
95,Arcitys,Alec Sanderson,1114054.09,Call of Duty,487500.00,43.76%,Atlanta Faze,0,America
96,MMY!,"Lei, Zengrong",1112600.81,Dota 2,1100271.44,98.89%,Team DK,24,China
97,TACO,Epitácio de Melo,1085086.48,Counter-Strike: Global Offensive,1085086.48,100.00%,SK Gaming,21,Brazil
98,aBeZy,Tyler Pharris,1084280.68,Call of Duty,483750.00,44.61%,Atlanta Faze,0,America
99,Q,"Fu, Bin",1081544.74,Dota 2,1081544.74,100.00%,CDEC Gaming,21,China
100,NAF,Keith Markovic,1080098.86,Counter-Strike: Global Offensive,1080098.86,100.00%,Team Liquid,21,Canada
101,Scump,Seth Abner,1068005.35,Call of Duty,261250.00,24.46%,OpTic Gaming,21,America
102,fer,Fernando Alvarenga,1064743.90,Counter-Strike: Global Offensive,1063838.92,99.92%,SK Gaming,24,Brazil
103,Monet,"Du, Peng",1052747.08,Dota 2,1052747.08,100.00%,LGD Gaming,17,China
104,paraboy,"Zhu, Bojun",1052732.35,PLAYER0'S BATTLEGROUNDS Mobile,1052732.35,100.00%,Nova eSports,19,China
105,karrigan,Finn Andersen,1046422.11,Counter-Strike: Global Offensive,1014635.39,96.96%,FaZe Clan,26,Denmark
106,Simp,Christopher Lehr,1044953.33,Call of Duty,500833.33,47.93%,Atlanta Faze,21,America
107,coldzera,Marcelo David,1035801.46,Counter-Strike: Global Offensive,1035801.46,100.00%,SK Gaming,21,Brazil
108,ELiGE,Jonathan Jablonowski,1029879.62,Counter-Strike: Global Offensive,1028029.62,99.82%,Team Liquid,21,America
109,Mushi,"Chai, Yee Fung",1027178.67,Dota 2,1026891.68,99.97%,Fnatic,25,Malaysia
110,k1nG,Thiago Lapp,1021150.00,Fortnite,1021000.00,99.99%,9z Team,0,Argentina
111,Boombl4,Kirill Mikhailov,1014349.87,Counter-Strike: Global Offensive,1014349.87,100.00%,Natus Vincere,22,Russia
112,MoonMeander,David Tan,1013570.83,Dota 2,995695.40,98.24%,OG,24,Canada
113,feg,- -,1003000.00,Shadowverse,1003000.00,100.00%,Yoshimoto,0,Japan
114,Fly,"Peng, Yunfei",1002223.70,Arena of Valor,1002223.70,100.00%,Qiao Gu Reapers,0,China
115,sasamumu,- -,1000000.00,Shadowverse,1000000.00,100.00%,Independent,0,Taiwan
116,Elevate,Hayden Krueger,993773.20,Fortnite,992233.20,99.85%,100 Thieves,0,America
117,EternaLEnVy,Jacky Mao,992222.69,Dota 2,992222.69,100.00%,Team Secret,24,Canada
118,KuKU,Kuku Palad,991911.30,Dota 2,991911.30,100.00%,T1,24,Philippines
119,pieliedie,Johan Åström,989390.86,Dota 2,989390.86,100.00%,Team Secret,24,Sweden
120,DJ,Djardel Jicko Mampusti,983337.31,Dota 2,983337.31,100.00%,Fnatic,21,Philippines
121,Maru,"Cho, Sung Choo",976449.12,StarCraft II,976449.12,100.00%,Jin Air Green Wings,20,Korea
122,Perfecto,Ilya Zalutskiy,973387.44,Counter-Strike: Global Offensive,973387.44,100.00%,Natus Vincere,21,Russia
123,Serral,Joona Sotala,972488.55,StarCraft II,972488.55,100.00%,ENCE eSports,19,Finland
124,Yang,"Zhou, Haiyang",969743.72,Dota 2,969743.72,100.00%,Vici Gaming,22,China
125,Rogue,"Lee, Byung Ryul",969556.38,StarCraft II,969556.38,100.00%,Jin Air Green Wings,23,Korea
126,nitr0,Nicholas Cannella,965324.93,Counter-Strike: Global Offensive,921284.93,95.44%,Team Liquid,23,America
127,Loki,"Bak, Jeong Yeong",960503.03,PLAYER0’S BATTLEGROUNDS,960503.03,100.00%,Gen.G Esports,20,South Korea
128,apEX,Dan Madesclaire,960097.20,Counter-Strike: Global Offensive,953135.72,99.27%,Team Envy,24,France
129,Duke,"Lee, Ho Seong",954620.62,League of Legends,954620.62,100.00%,Invictus Gaming,23,South Korea
130,Order,"Ceng, Zehai",948887.24,PLAYER0'S BATTLEGROUNDS Mobile,948887.24,100.00%,Nova eSports,20,China
131,Dy,"Ding, Cong",940388.06,Dota 2,940388.06,100.00%,Vici Gaming,23,China
132,Jimmy,"Xu, Yinjun",933748.35,PLAYER0'S BATTLEGROUNDS Mobile,933748.35,100.00%,Nova eSports,24,Taiwan
133,Lil,Ilya Ilyuk,928255.42,Dota 2,928255.42,100.00%,Virtus.pro,19,Ukraine
134,olofmeister,Olof Kajbjer,917652.34,Counter-Strike: Global Offensive,916311.52,99.85%,FaZe Clan,25,Sweden
135,NiKo,Nikola Kovač,915925.13,Counter-Strike: Global Offensive,915902.56,100.00%,FaZe Clan,20,Bosnia and Herzegovina
136,Bang,"Bae, Jun Sik",915911.99,League of Legends,915911.99,100.00%,T1,19,South Korea
137,Wolf,"Lee, Jae Wan",913084.70,League of Legends,913084.70,100.00%,T1,19,South Korea
138,Twistzz,Russel Van Dulken,912176.43,Counter-Strike: Global Offensive,904176.43,99.12%,Team Liquid,19,Canada
139,KRiMZ,Freddy Johansson,911861.90,Counter-Strike: Global Offensive,911861.90,100.00%,Fnatic,23,Sweden
140,JW,Jesper Wecksell,911060.68,Counter-Strike: Global Offensive,911060.68,100.00%,Fnatic,23,Sweden
141,ESTH3R,"Go, Jeong",908932.26,PLAYER0’S BATTLEGROUNDS,908512.66,99.95%,Gen.G Esports,23,South Korea
142,Pio,"Cha, Seung Hoon",908623.51,PLAYER0’S BATTLEGROUNDS,908623.51,100.00%,Gen.G Esports,22,South Korea
143,BurNIng,"Xu, Zhilei",896625.35,Dota 2,865896.21,96.57%,Invictus Gaming,27,China
144,FormaL,Matthew Piper,894532.18,Call of Duty,286300.00,32.01%,OpTic Gaming,22,America
145,flusha,Robin Rönnquist,877868.95,Counter-Strike: Global Offensive,877868.95,100.00%,Fnatic,24,Sweden
146,Agressif,"Sun, Zheng",871452.21,Dota 2,871452.21,100.00%,CDEC Gaming,23,China
147,Dark,"Park, Ryung Woo",870079.03,StarCraft II,870079.03,100.00%,Dragon Phoenix Gaming,23,Korea
148,Skite,Clément Danglot,861264.02,Fortnite,861264.02,100.00%,LeStream Esport,0,France
149,flamie,Egor Vasilyev,861140.83,Counter-Strike: Global Offensive,860553.41,99.93%,Natus Vincere,23,Russia
150,B1t,Valeriy Vakhovskiy,852341.03,Counter-Strike: Global Offensive,852341.03,100.00%,Natus Vincere,18,Ukraine
151,DrNykterstein,Sven Magnus Carlsen,844291.60,chess24,645742.12,76.48%,Independent,29,Norway
152,Moo,David Hull,841606.86,Dota 2,841606.86,100.00%,Digital Chaos,20,America
153,NBK,Nathan Schmitt,839670.05,Counter-Strike: Global Offensive,814877.99,97.05%,Team Envy,22,France
154,Karma,Damon Barlow,833962.25,Call of Duty,261250.00,31.33%,OpTic Gaming,23,Canada
155,Cellium,McArthur Jovel,828923.93,Call of Duty,488750.00,58.96%,Atlanta Faze,20,America
156,Tims,Timothy Randrup,816007.75,Dota 2,816007.75,100.00%,TnC Gaming,21,Philippines
157,shox,Richard Papillon,814757.65,Counter-Strike: Global Offensive,795057.08,97.58%,Vitality,26,France
158,rain,Håvard Nygaard,812599.57,Counter-Strike: Global Offensive,812599.57,100.00%,FaZe Clan,22,Norway
159,Bengi,"Bae, Seong Ung",810683.00,League of Legends,810683.00,100.00%,T1,22,South Korea
160,Dendi,Danil Ishutin,809470.53,Dota 2,804815.23,99.42%,Natus Vincere,21,Ukraine
161,GuardiaN,Ladislav Kovács,806989.70,Counter-Strike: Global Offensive,800787.47,99.23%,FaZe Clan,25,Slovakia
162,Ah-fu,"Chuan, Tue Soon",805707.60,Dota 2,805707.60,100.00%,LGD Gaming,22,Malaysia
163,rOtK,"Bai, Fan",800946.63,Dota 2,780761.31,97.48%,Vici Gaming,26,China
164,Mitr0,Dmitri Van de Vrie,797124.81,Fortnite,797124.81,100.00%,Independent,16,Netherlands
165,INnoVation,"Lee, Shin Hyung",796008.70,StarCraft II,792511.00,99.56%,Team Reciprocity,25,Korea
166,Raven,Marc Polo Luis Fausto,794133.10,Dota 2,794133.10,100.00%,Fnatic,22,Philippines
167,tarik,Tarik Celik,792739.21,Counter-Strike: Global Offensive,792139.21,99.92%,Cloud9,22,America
168,Zeus,Daniil Teslenko,792585.87,Counter-Strike: Global Offensive,689568.70,87.00%,Gambit Esports,29,Ukraine
169,fng,Artsiom Barshak,784539.28,Dota 2,784539.28,100.00%,Virtus.pro,19,Belarus
170,Ace,Marcus Hoelgaard,776500.84,Dota 2,776500.84,100.00%,Team Secret,24,Denmark
171,King,"Lin, Yien",769113.54,PLAYER0'S BATTLEGROUNDS Mobile,769113.54,100.00%,Nova eSports,22,Taiwan
172,neo,Filip Kubski,758599.21,Counter-Strike: Global Offensive,613618.49,80.89%,Virtus.pro,28,Poland
173,Shotzzy,Anthony Cuevas-Castro,753275.00,Call of Duty,355500.00,47.19%,Dallas Empire,0,America
174,f0rest,Patrik Lindberg,752991.80,Counter-Strike: Global Offensive,561505.97,74.57%,Ninjas in Pyjamas,27,Sweden
175,coolboy,"Zeng, Ronghua",752861.98,PLAYER0'S BATTLEGROUNDS Mobile,752861.98,100.00%,Nova eSports,20,China
176,flyfly,"Jin, Zhiyi",749756.95,Dota 2,749756.95,100.00%,Invictus Gaming,24,China
177,HuaHai,"Luo, Siyuan",748095.96,Arena of Valor,748095.96,100.00%,eStar Gaming,0,China
178,TaZ,Wiktor Wojtas,741769.58,Counter-Strike: Global Offensive,598648.86,80.71%,Virtus.pro,29,Poland
179,ChuaN,"Wong, Hock Chuan",740982.93,Dota 2,714049.53,96.37%,Invictus Gaming,20,Malaysia
180,Slasher,Austin Liddicoat,732833.40,Call of Duty,231332.50,31.57%,Team Envy,21,America
181,BoBoKa,Ye Zhibiao,731878.45,Dota 2,731878.45,100.00%,Invictus Gaming,20,China
182,kennyS,Kenny Schrub,731359.59,Counter-Strike: Global Offensive,727386.68,99.46%,Team Envy,21,France
183,DuBu,"Kim, Du Young",720368.87,Dota 2,720368.87,100.00%,MVP,22,South Korea
184,Crue,Theo Ferrer,719450.00,Fortnite,719450.00,100.00%,Valhalla Vikings,0,Sweden
185,Edward,Ioann Sukharev,719374.82,Counter-Strike: Global Offensive,613854.60,85.33%,Natus Vincere,31,Ukraine
186,JKap,Jordan Kaplan,714188.81,Call of Duty,231332.50,32.39%,Team Envy,21,America
187,Xxs,Lin Jing,711797.92,Dota 2,711797.92,100.00%,Invictus Gaming,17,China
188,1dao,"Zhong, Letian",710240.15,Arena of Valor,710240.15,100.00%,Qiao Gu Reapers,0,China
189,Wuming,"Zhang, Cong",708656.61,Arena of Valor,708656.61,100.00%,eStar Gaming,0,China
190,JT-,"Jun Wen, Thiay",706794.10,Dota 2,706794.10,100.00%,Invictus Gaming,22,Malaysia
191,garder,"Liu, Xinzhou",705536.20,Dota 2,705536.20,100.00%,CDEC Gaming,25,China
192,Loda,Jonathan Berg,704857.44,Dota 2,698363.52,99.08%,Alliance,24,Sweden
193,Moon,"Jang, Jae Ho",704687.04,WarCraft III,558619.54,79.27%,Meet Your Makers,20,Korea
194,TY,"Jun, Tae Yang",704568.78,StarCraft II,696494.11,98.85%,Independent,22,Korea
195,SonicFox,Dominique Mclean,700478.72,Mortal Kombat X,253343.60,36.17%,Independent,17,America
196,MSS,Arif Anwar,699632.38,Dota 2,699632.38,100.00%,Quincy Crew,25,America
197,Cat,"Chen, Zhengzheng",699122.29,Arena of Valor,699122.29,100.00%,eStar Gaming,0,China
198,Jabz,Anucha Jirawong,692788.74,Dota 2,692788.74,100.00%,Fnatic,22,Thailand
199,Frosty,Bradley Bergstrom,692475.00,Halo,578350.00,83.52%,Counter Logic Gaming,18,America
200,Xz,"Chen, Zezhi",692327.42,Dota 2,692327.42,100.00%,CDEC Gaming,22,China
201,JackeyLove,"Yu, Wen Bo",691449.64,League of Legends,691449.64,100.00%,Invictus Gaming,18,China
202,Mongraal,Kyle Jackson,691204.23,Fortnite,691204.23,100.00%,Independent,14,United Kingdom
203,Alan,"Wang, Tianlong",686761.34,Arena of Valor,621582.18,90.51%,eStar Gaming,0,China
204,Oli,"Chan, Chon Kien",686238.88,Dota 2,686238.88,100.00%,Invictus Gaming,25,Malaysia
205,Huke,Cuyler Garland,683685.58,Call of Duty,345250.00,50.50%,Dallas Empire,20,Saudi Arabia
206,EGM,Jerry Lundqvist,679039.12,Dota 2,679039.12,100.00%,Alliance,21,Sweden
207,fanfan,"Fan, Yang",674246.52,Arena of Valor,674246.52,100.00%,Qiao Gu Reapers,0,China
208,XiangYu,"Youqi, Cai",674246.52,Arena of Valor,674246.52,100.00%,Qiao Gu Reapers,0,China
209,Lethul,Tony Campbell,672250.00,Halo,579350.00,86.18%,OpTic Gaming,22,America
210,SnakeBite,Paul Duarte,671000.00,Halo,576750.00,85.95%,Counter Logic Gaming,20,America
211,Flash,"Lee, Young Ho",670457.77,StarCraft: Brood War,580305.13,86.55%,KT Rolster,18,Korea
212,Emo,"Zhou, Yi",667789.08,Dota 2,667789.08,100.00%,Invictus Gaming,20,China
213,XiaoPang,"Li, Daheng",667089.89,Arena of Valor,667089.89,100.00%,Qiao Gu Reapers,0,China
214,Fade,Pan Yi,665523.49,Dota 2,665523.49,100.00%,Vici Gaming,22,China
215,Abed,Abed Yusop,665522.09,Dota 2,665522.09,100.00%,Evil Geniuses,20,Philippines
216,Tfue,Turner Tenney,664300.01,Fortnite,602100.00,90.64%,FaZe Clan,20,America
217,snax,Janusz Pogorzelski,662534.08,Counter-Strike: Global Offensive,662111.18,99.94%,Virtus.pro,22,Poland
218,XBOCT,Oleksandr Dashkevych,662208.09,Dota 2,661271.48,99.86%,Natus Vincere,20,Ukraine
219,Zest,"Joo, Sung Wook",659266.71,StarCraft II,659266.71,100.00%,KT Rolster,25,Korea
220,Stats,"Kim, Dae Yeob",655605.10,StarCraft II,650286.21,99.19%,Splyce,25,Korea
221,Shiki,"Huang, Jiwei",653514.33,Dota 2,653514.33,100.00%,CDEC Gaming,22,China
222,Quinn,Quinn Callahan,653430.80,Dota 2,653430.80,100.00%,Quincy Crew,0,America
223,Akke,Joakim Akterhall,649791.42,Dota 2,643143.08,98.98%,Alliance,24,Sweden
224,Royal 2,Mathew Fiorante,647462.50,Halo,576750.00,89.08%,Counter Logic Gaming,19,Canada
225,sOs,"Kim, Yoo Jin",647429.84,StarCraft II,646979.39,99.93%,Jin Air Green Wings,21,Korea
226,Jaedong,"Lee, Jae Dong",643290.35,StarCraft: Brood War,418456.82,65.05%,Evil Geniuses,23,Korea
227,HObbit,Abay Khasenov,642714.58,Counter-Strike: Global Offensive,642674.58,99.99%,Gambit Esports,22,Kazakhstan
228,AdmiralBulldog,Henrik Ahnberg,639563.79,Dota 2,638938.79,99.90%,Alliance,22,Sweden
229,MSdossary7,Aldossary Mossad,636445.63,FIFA,284500.00,44.70%,Rogue,0,Saudi Arabia
230,Bizzle,Timothy Miller,635226.39,Fortnite,635226.39,100.00%,Ghost Gaming,19,America
231,CoreJJ,"Jo, Yong In",627073.25,League of Legends,627073.25,100.00%,Samsung,22,South Korea
232,soO,"Eu, Yoon Su",626354.86,StarCraft II,617412.36,98.57%,Chivo SC,26,Korea
233,pashaBiceps,Jarosław Jarząbkowski,624063.44,Counter-Strike: Global Offensive,577382.35,92.52%,Virtus.pro,27,Poland
234,Rush,Will Wierzba,623149.20,Counter-Strike: Global Offensive,623149.20,100.00%,Cloud9,23,America
235,GeT_RiGhT,Christopher Alesund,622386.05,Counter-Strike: Global Offensive,519615.39,83.49%,Ninjas in Pyjamas,25,Sweden
236,Kjaerbye,Markus Kjærbye,619725.50,Counter-Strike: Global Offensive,619725.50,100.00%,Astralis,18,Denmark
237,Febby,"Kim, Yong Min",613744.35,Dota 2,613744.35,100.00%,MVP,24,South Korea
238,Prestinni,Preston Sanderson,611973.43,Call of Duty,317975.00,51.96%,eUnited,0,America
239,Arkhram,Diego Lima,611316.68,Fortnite,611316.68,100.00%,Independent,0,America
240,Rookie,"Song, Eui Jin",610445.70,League of Legends,610445.70,100.00%,Invictus Gaming,20,South Korea
241,Priestahh,Preston Greiner,609279.18,Call of Duty,228000.00,37.42%,Atlanta Faze,0,America
242,chrisJ,Chris de Jong,608724.32,Counter-Strike: Global Offensive,608248.79,99.92%,mousesports,28,Netherlands
243,xiaohu,"Li, Yuan Hao",606826.91,League of Legends,606826.91,100.00%,Royal Never Give Up,20,China
244,YawaR,Yawar Hassan,603191.00,Dota 2,603191.00,100.00%,Quincy Crew,23,Pakistan
245,Inflame,"He, Yongzheng",601854.15,Dota 2,601854.15,100.00%,LGD Gaming,24,China
246,Ferrari_430,"Luo, Feichi",597877.06,Dota 2,573874.45,95.99%,Invictus Gaming,22,China
247,Apathy,Bryan Zhelyazkov,593797.50,Call of Duty,228332.50,38.45%,Team Envy,19,America
248,QO,"Kim, Sunyeob",591322.79,Dota 2,591322.79,100.00%,MVP,22,South Korea
249,Adou,"Jiang, Tao",591301.05,Arena of Valor,591301.05,100.00%,Turnso Gaming,0,China
250,MP,"Pyo, Noah",591176.77,Dota 2,591176.77,100.00%,MVP,21,South Korea
251,Bance,Ben Bance,590742.44,Call of Duty,285000.00,48.24%,,,
252,Taemin,"Kang, Tae Min",585598.46,PLAYER0’S BATTLEGROUNDS,585598.46,100.00%,,,
253,Ohaiyo,"Chong, Xin Khoo",584536.52,Dota 2,584536.52,100.00%,,,
254,pyw,"Xiong, Jiahan",580998.02,Dota 2,580998.02,100.00%,,,
255,byali,Paweł Bieliński,578457.80,Counter-Strike: Global Offensive,578428.22,99.99%,,,
256,Ruler,"Park, Jae Hyuk",577838.60,League of Legends,577838.60,100.00%,,,
257,NuoYan,"Guo, Guixin",576100.99,Arena of Valor,576100.99,100.00%,,,
258,Lyn,"Park, Joon",572618.52,WarCraft III,464811.04,81.17%,,,
259,Ning,"Gao, Zhen Ning",566607.87,League of Legends,566607.87,100.00%,,,
260,oldchicken,"Zhiyong, Wang",565911.31,Dota 2,565911.31,100.00%,,,
261,RpK,Cédric Guipouy,561859.68,Counter-Strike: Global Offensive,524870.95,93.42%,,,
262,BenjyFishy,Benjy David Fish,560556.29,Fortnite,550806.29,98.26%,,,
263,Blank,"Kang, Sun Gu",559518.75,League of Legends,559518.75,100.00%,,,
264,stompy,Klaus Konstanzer,557121.94,Fortnite,557121.94,100.00%,,,
265,Hikaru,Hikaru Nakamura,554867.85,chess24,243678.61,43.92%,,,
266,Ambition,"Kang, Chan Yong",553234.20,League of Legends,553234.20,100.00%,,,
267,Tommey,Thomas Trewren,552139.06,Call of Duty,340590.95,61.69%,,,
268,Limmp,Linus Blomdin,551619.65,Dota 2,510945.79,92.63%,,,
269,Neeb,Alex Sunderhaft,551523.83,StarCraft II,551447.63,99.99%,,,
270,John,Johnathan Perez,549874.59,Call of Duty,232707.50,42.32%,,,
271,Xizt,Richard Landström,549513.99,Counter-Strike: Global Offensive,513805.74,93.50%,,,
272,iLLeY,Indervir Dhaliwal,549053.33,Call of Duty,353500.00,64.38%,,,
273,33,Neta Shapira,549000.60,Dota 2,549000.60,100.00%,,,
274,Aydan,Aydan Conrad,548673.59,Call of Duty,335640.26,61.17%,,,
275,Baolan,"Wang, Liu Yi",548235.82,League of Legends,548235.82,100.00%,,,
276,Karsa,"Hung, Hau Hsuan",548127.12,League of Legends,548127.12,100.00%,,,
277,Uzi,"Jian, Zihao",545447.56,League of Legends,545447.56,100.00%,,,
278,Tokido,"Hajime, Taniguchi",544358.70,Street Fighter V,253282.95,46.53%,,,
279,ropz,Robin Kool,544010.74,Counter-Strike: Global Offensive,544010.74,100.00%,,,
280,Forev,"Lee, Sang Don",541037.11,Dota 2,541037.11,100.00%,,,
281,Nayte,Nathan Berquignol,540310.77,Fortnite,540310.77,100.00%,,,
282,TheShy,"Kang, Dong Geun",538444.86,League of Legends,538444.86,100.00%,,,
283,Attach,Dillon Price,534148.35,Call of Duty,145954.50,27.32%,,,
284,Mata,"Cho, Se Hyeong",533979.52,League of Legends,533979.52,100.00%,,,
285,QianShi,"Zhou, Kuan",532602.00,Arena of Valor,532602.00,100.00%,,,
286,NuanYang,"Lin, Heng",523142.30,Arena of Valor,523142.30,100.00%,,,
287,ShenRen,"Ma, Tengfei",523142.30,Arena of Valor,523142.30,100.00%,,,
288,Thijs,Thijs Molendijk,522918.66,Hearthstone,515418.66,98.57%,,,
289,Enable,Ian Wyatt,522597.12,Call of Duty,141875.00,27.15%,,,
290,PerkZ,Luka Perković,520805.47,League of Legends,520805.47,100.00%,,,
291,Handsken,Simon Haag,515832.93,Dota 2,495226.78,96.01%,,,
292,ClearLove,"Ming, Kai",515326.78,League of Legends,515326.78,100.00%,,,
293,Impact,"Jung, Eon Yeong",515306.14,League of Legends,515306.14,100.00%,,,
294,Moon,Kam Boon Seng,513507.20,Dota 2,513507.20,100.00%,,,
295,ZexRow,Anthony Colandro,509949.73,Fortnite,507949.73,99.61%,,,
296,MC,"Jang, Min Chul",509852.06,StarCraft II,509771.79,99.98%,,,
297,Kaydop,Courant Alexandre,508212.51,Rocket League,508212.51,100.00%,,,
298,Armel,Armel Paul Tabios,504916.51,Dota 2,504916.51,100.00%,,,
299,stanislaw,Peter Jarguz,504637.38,Counter-Strike: Global Offensive,504637.38,100.00%,,,
300,sam_H,Sam Enojosa Hidalgo,497684.78,Dota 2,497684.78,100.00%,,,
301,Happy,Vincent Schopenhauer,496973.56,Counter-Strike: Global Offensive,485910.46,97.77%,,,
302,Meiko,"Tian, Ye",495307.12,League of Legends,495307.12,100.00%,,,
303,SVG,Avery Silverman,494852.80,Dota 2,494852.80,100.00%,,,
304,Rated,Rhys Price,494661.05,Call of Duty,269546.93,54.49%,,,
305,ShiJiu,"Chen, Runzhi",492734.25,Arena of Valor,492734.25,100.00%,,,
306,Sneyking,Jing Jun Wu,489377.42,Dota 2,488377.42,99.80%,,,
307,Classic,"Kim, Doh Woo",488386.08,StarCraft II,485706.03,99.45%,,,
308,CuVee,"Lee, Seong Jin",488379.08,League of Legends,488379.08,100.00%,,,
309,Peanut,"Han, Wang Ho",486994.37,League of Legends,486994.37,100.00%,,,
310,Dubs,Daniel Walsh,483924.99,Fortnite,483924.99,100.00%,,,
311,Crown,"Lee, Min Ho",483747.81,League of Legends,483747.81,100.00%,,,
312,JiuC,"Cao, Zhishun",483177.35,Arena of Valor,483177.35,100.00%,,,
313,Falconer,Brendan Falconer,483100.00,Fortnite,483100.00,100.00%,,,
314,Aches,Patrick Price,482231.76,Call of Duty,170250.00,35.30%,,,
315,Lekr0,Jonas Olofsson,479180.51,Counter-Strike: Global Offensive,479180.51,100.00%,,,
316,Ming,"Shi, Sen Ming",478690.83,League of Legends,478690.83,100.00%,,,
317,TaySon,Tai Starčič,478503.66,Fortnite,478503.66,100.00%,,,
318,Life,"Lee, Seung Hyun",476629.17,StarCraft II,475900.67,99.85%,,,
319,Infi,"Wang, Xu Wen",476324.87,WarCraft III,361892.16,75.98%,,,
320,ninjaboogie,Michael Ross,475269.22,Dota 2,475269.22,100.00%,,,
321,Mlxg,"Liu, Shi Yu",472216.01,League of Legends,472216.01,100.00%,,,
322,ZywOo,Mathieu Herbaut,471994.48,Counter-Strike: Global Offensive,471994.48,100.00%,,,
323,Caps,Rasmus Winther,470104.57,League of Legends,470104.57,100.00%,,,
324,Skadoodle,Tyler Latham,469500.02,Counter-Strike: Global Offensive,437479.98,93.18%,,,
325,Jinsoo,"Park, Jin Soo",467754.94,Auto Chess,450254.94,96.26%,,,
326,PartinG,"Won, Lee Sak",467453.54,StarCraft II,467453.54,100.00%,,,
327,KyoCha,"Jeong, Won Ho",465268.99,Heroes of the Storm,465268.99,100.00%,,,
328,Victoria,"Chen, Guanhong",464894.91,Dota 2,464894.91,100.00%,,,
329,Gabbi,Khim Villafuerte,464701.35,Dota 2,464701.35,100.00%,,,
330,GMWSO,Wesley So,464491.25,chess24,222714.43,47.95%,,,
331,Vivid,Noah Wright,463441.67,Fortnite,418016.67,90.20%,,,
332,sake,"Lee, Jung Hyeog",462790.78,Heroes of the Storm,462790.78,100.00%,,,
333,GarrettG,Garrett Gordon,462489.19,Rocket League,462349.19,99.97%,,,
334,Golden,Maikil Selim,461942.48,Counter-Strike: Global Offensive,461942.48,100.00%,,,
335,Fatal1ty,Johnathan Wendel,458489.23,Painkiller,240550.00,52.47%,,,
336,tom60229,"Chen, Wei Lin",457377.87,Hearthstone,454377.87,99.34%,,,
337,Cloakzy,Dennis Lepore,456816.66,Fortnite,437975.00,95.88%,,,
338,k0nfig,Kristian Wienecke,454805.81,Counter-Strike: Global Offensive,454805.81,100.00%,,,
339,nafany,Vladislav Gorshkov,454667.25,Counter-Strike: Global Offensive,454667.25,100.00%,,,
340,sh1ro,Dmitry Sokolov,454667.25,Counter-Strike: Global Offensive,454667.25,100.00%,,,
341,ByuN,"Byun, Hyun Woo",454490.74,StarCraft II,454490.74,100.00%,,,
342,Ax1Le,Sergey Rykhtorov,453863.61,Counter-Strike: Global Offensive,453863.61,100.00%,,,
343,autimatic,Timothy Ta,452152.76,Counter-Strike: Global Offensive,450932.76,99.73%,,,
344,interz,Timofey Yakushin,452109.67,Counter-Strike: Global Offensive,452109.67,100.00%,,,
345,Polt,"Choi, Sung Hoon",451943.24,StarCraft II,451943.24,100.00%,,,
346,Nate Hill,Nate Hill,451506.61,Fortnite,447469.11,99.11%,,,
347,hwinn,Hunter Winn,451470.94,PLAYER0’S BATTLEGROUNDS,450510.94,99.79%,,,
348,Rekkles,Martin Larsson,450675.66,League of Legends,450675.66,100.00%,,,
349,MajorManiak,Michael Szymaniak,448812.49,Call of Duty,228000.00,50.80%,,,
350,Nikobaby,Nikolay Nikolov,447395.61,Dota 2,447395.61,100.00%,,,
351,TekKz,Donovan Hunt,446580.56,FIFA,271125.00,60.71%,,,
352,MMing,"Ming, Ming",446169.70,PLAYER0’S BATTLEGROUNDS,446169.70,100.00%,,,
353,AdreN,Dauren Kystaubayev,444099.30,Counter-Strike: Global Offensive,424655.65,95.62%,,,
354,YYF,"Jiang, Cen",443434.96,Dota 2,417377.44,94.12%,,,
355,PawN,"Heo, Won Seok",440580.94,League of Legends,440580.94,100.00%,,,
356,QingQ,"Wu, Jinxiang",440563.00,Arena of Valor,440563.00,100.00%,,,
357,Rich,"Lee, Jae Won",439326.28,Heroes of the Storm,427923.28,97.40%,,,
358,Deft,"Kim, Hyuk Kyu",436678.10,League of Legends,436678.10,100.00%,,,
359,G,Sergey Bragin,435747.16,Dota 2,431033.94,98.92%,,,
360,Ethan,Ethan Arnold,433780.38,Counter-Strike: Global Offensive,399880.38,92.18%,,,
361,Kenny,Kenneth Williams,433228.33,Call of Duty,160250.00,36.99%,,,
362,gpk,Danil Skutin,432563.80,Dota 2,432563.80,100.00%,,,
363,Snipedown,Eric Wrona,432026.84,Halo,168125.00,38.92%,,,
364,QC,"Zhou, Yitao",430273.00,Arena of Valor,249386.63,57.96%,,,
365,allu,Aleksi Jalli,429724.58,Counter-Strike: Global Offensive,426792.59,99.32%,,,
366,Shrimzy,Tristan Nowicky,429214.69,PLAYER0’S BATTLEGROUNDS,429214.69,100.00%,,,
367,fuzzface,David Tillberg,428458.75,PLAYER0’S BATTLEGROUNDS,427558.75,99.79%,,,
368,mxey,Anssi Pekkonen,427423.67,PLAYER0’S BATTLEGROUNDS,427423.67,100.00%,,,
369,Beizhai,"Shu, Zhiqi",426950.63,PLAYER0'S BATTLEGROUNDS Mobile,426950.63,100.00%,,,
370,NeverEnd,"Yang, Pu",426681.98,Dota 2,426681.98,100.00%,,,
371,Turbopolsa,Pierre Silfver,426466.46,Rocket League,426326.46,99.97%,,,
372,fnx,Lincoln Lau,426167.56,Counter-Strike: Global Offensive,387632.18,90.96%,,,
373,Funn1k,Gleb Lipatnikov,426102.69,Dota 2,426008.97,99.98%,,,
374,Scarlett,Sasha Hostyn,423939.86,StarCraft II,420206.66,99.12%,,,
375,SquishyMuffinz,Mariano Arruda,423778.00,Rocket League,423718.00,99.99%,,,
376,DM,Dmitrii Dorokhin,423632.35,Dota 2,423632.35,100.00%,,,
377,friberg,Adam Friberg,422435.26,Counter-Strike: Global Offensive,421962.41,99.89%,,,
378,sOAZ,Paul Boyer,422314.88,League of Legends,422314.88,100.00%,,,
379,cajunb,Renè Borg,421998.82,Counter-Strike: Global Offensive,418065.86,99.07%,,,
380,Kinstaar,Duong Huynh,421371.68,Fortnite,414608.40,98.39%,,,
381,SpeCial,Juan Carlos Lopez,420293.68,StarCraft II,420043.68,99.94%,,,
382,Brehze,Vincent Cayonte,417157.14,Counter-Strike: Global Offensive,417157.14,100.00%,,,
383,StingeR,Steven Vargas,416339.42,Dota 2,416339.42,100.00%,,,
384,TGLTN,James Giezen,415994.50,PLAYER0’S BATTLEGROUNDS,415194.50,99.81%,,,
385,Nightfall,Egor Grigorenko,415517.21,Dota 2,415517.21,100.00%,,,
386,Jankos,Marcin Jankowski,415166.27,League of Legends,415166.27,100.00%,,,
387,JiuLong,"Kang, Junlong",413409.09,Arena of Valor,413409.09,100.00%,,,
388,rapha,Shane Hendrixson,413388.63,Quake Champions,262617.00,63.53%,,,
389,Solar,"Kang, Min Soo",412545.62,StarCraft II,412545.62,100.00%,,,
390,M1ME,Austin Scherff,412002.19,PLAYER0’S BATTLEGROUNDS,412002.19,100.00%,,,
391,Nannnnn,"Nanjiang, Li",410661.22,PLAYER0’S BATTLEGROUNDS,410661.22,100.00%,,,
392,Save-,Vitalie Melnic,410117.21,Dota 2,410117.21,100.00%,,,
393,Ming,"Chen, Haoming",409649.96,PLAYER0'S BATTLEGROUNDS Mobile,396994.63,96.91%,,,
394,Mvp,"Jung, Jong Hyun",409621.15,StarCraft II,404994.83,98.87%,,,
395,Reynor,Riccardo Romiti,409457.35,StarCraft II,409457.35,100.00%,,,
396,jstn,Justin Morales,408978.69,Rocket League,408838.69,99.97%,,,
397,MMA,"Moon, Sung Won",407169.17,StarCraft II,407169.17,100.00%,,,
398,Cammy,Cameron McKilligan,406075.00,Call of Duty,286250.00,70.49%,,,
399,Octane,Sam Larew,404948.75,Call of Duty,141825.00,35.02%,,,
400,CeRq,Cvetelin Nikolov,402319.05,Counter-Strike: Global Offensive,402319.05,100.00%,,,
401,Scout,"Lee, Ye Chan",399765.45,League of Legends,399765.45,100.00%,,,
402,ZpYan1,"Pinyan, Zhou",399380.35,PLAYER0’S BATTLEGROUNDS,399380.35,100.00%,,,
403,GodV,"Wei, Zhen",399025.20,PLAYER0’S BATTLEGROUNDS,344731.45,86.39%,,,
404,Classic,Nicholas Di Costanzo,397324.00,Call of Duty,98000.00,24.67%,,,
405,ProblemWright,Eric Wright,397200.00,Madden NFL 2013,140000.00,35.25%,,,
406,Eyyou,Nico Barcelon,397072.94,Dota 2,397072.94,100.00%,,,
407,ubah,Ivan Kapustin,396601.18,PLAYER0’S BATTLEGROUNDS,392086.50,98.86%,,,
408,Megga,Noam Ackenine,396583.32,Fortnite,396583.32,100.00%,,,
409,boltz,Ricardo Prass,396110.55,Counter-Strike: Global Offensive,396110.55,100.00%,,,
410,Fairy Peak,Victor Locquet,395783.54,Rocket League,395783.54,100.00%,,,
411,PVDDR,Paulo Damo da Rosa,395300.00,Magic: The Gathering Arena,395300.00,100.00%,,,
412,Buster,Timur Tulepov,394784.13,Counter-Strike: Global Offensive,391784.13,99.24%,,,
413,Hungrybox,Juan Debiedma,394142.14,Super Smash Bros. Melee,389602.51,98.85%,,,
414,Qikert,Alexey Golubev,393404.13,Counter-Strike: Global Offensive,393404.13,100.00%,,,
415,Jame,Ali Dzhami,391117.72,Counter-Strike: Global Offensive,391117.72,100.00%,,,
416,Amanek,Francois Delaunay,390885.47,Counter-Strike: Global Offensive,390885.47,100.00%,,,
417,Scofield,Scofield leches Gomez,390470.40,Dota 2,390470.40,100.00%,,,
418,HS,Wang Yanwen,389525.67,PLAYER0’S BATTLEGROUNDS,389525.67,100.00%,,,
419,TH000,"Huang, Xiang",388682.28,WarCraft III,359063.68,92.38%,,,
420,Illidan,Ilya Pevcaev,388209.49,Dota 2,385506.42,99.30%,,,
421,ZooMaa,Tom Paparratto,387519.60,Call of Duty,94500.00,24.39%,,,
422,Suk,"Feng, Shujie",387440.30,PLAYER0'S BATTLEGROUNDS Mobile,387440.30,100.00%,,,
423,Pistola,Justin Deese,386635.00,Halo,161500.00,41.77%,,,
424,XANTARES,Can Dörtkardes,386574.29,Counter-Strike: Global Offensive,386574.29,100.00%,,,
425,doinb,"Kim, Tae Sang",384888.93,League of Legends,384888.93,100.00%,,,
426,343,Adam Shah,384804.31,Dota 2,384804.31,100.00%,,,
427,Mo_aubameyang,Mohammed Harkous,383557.53,FIFA,288520.00,75.22%,,,
428,DkPhobos,Alexander Kucheria,383241.65,Dota 2,381917.05,99.65%,,,
429,Slacked,Josiah Berry,382659.64,Call of Duty,98000.00,25.61%,,,
430,March,"Park, Tae Won",382610.97,Dota 2,382610.97,100.00%,,,
431,Geoometrics,Emilio Cuevas,381900.00,Rainbow Six Siege,381900.00,100.00%,,,
432,Canadian,Troy Jaroslawski,380828.57,Rainbow Six Siege,380828.57,100.00%,,,
433,Khan,"Kim, Dong Ha",380470.04,League of Legends,380470.04,100.00%,,,
434,illias,Illias Ganeev,379757.62,Dota 2,379757.62,100.00%,,,
435,KIOSHIMA,Fabien Fiey,379045.59,Counter-Strike: Global Offensive,378804.11,99.94%,,,
436,HusKerrs,Jordan Thomas,378845.72,Call of Duty,298583.38,78.81%,,,
437,Op,Ou Peng,376826.22,Dota 2,376826.22,100.00%,,,
438,MrSavage,Martin Foss,376608.40,Fortnite,376608.40,100.00%,,,
439,Psycho,Gustavo Rigal,376533.73,Rainbow Six Siege,376533.73,100.00%,,,
440,Z9,"Chen, Zixuan",375312.96,PLAYER0'S BATTLEGROUNDS Mobile,375312.96,100.00%,,,
441,sAviOr,"Ma, Jae Yoon",375020.44,StarCraft: Brood War,375020.44,100.00%,,,
442,PraY,"Kim, Jong In",374778.08,League of Legends,374778.08,100.00%,,,
443,julio,Júlio Giacomelli,374511.65,Rainbow Six Siege,372024.80,99.34%,,,
444,ChenXia,"Wang, Qing",374493.39,Arena of Valor,374493.39,100.00%,,,
445,Cty,"Chen, Tianyu",374326.26,Dota 2,374326.26,100.00%,,,
446,Pengu,Niclas Mouritzen,373157.39,Rainbow Six Siege,373157.39,100.00%,,,
447,dennis,Dennis Edman,373080.87,Counter-Strike: Global Offensive,366501.31,98.24%,,,
448,Valde,Valdemar Vangså,372956.37,Counter-Strike: Global Offensive,372956.37,100.00%,,,
449,Snute,Jens Aasgaard,372788.71,StarCraft II,372788.71,100.00%,,,
450,Kamikaze,João Gomes,372533.73,Rainbow Six Siege,372533.73,100.00%,,,
451,Trap,"Cho, Sung Ho",371779.08,StarCraft II,371779.08,100.00%,,,
452,Nerchio,Artur Bloch,371725.19,StarCraft II,371725.19,100.00%,,,
453,CleanX,Tobias Jønsson,369801.87,Call of Duty,285625.00,77.24%,,,
454,alwayswannafly,Andrii Bondarenko,368885.35,Dota 2,368697.91,99.95%,,,
455,Envoy,Dylan Hannon,368779.16,Call of Duty,159500.00,43.25%,,,
456,HugeGorilla,Spencer Ealing,367275.41,FIFA,250000.00,68.07%,,,
457,oskar,Tomáš Šťastný,366477.28,Counter-Strike: Global Offensive,366388.39,99.98%,,,
458,Yinuo,"Xu, Bicheng",365937.36,Arena of Valor,365937.36,100.00%,,,
459,Th0masHD,Thomas Davidsen,365915.00,Fortnite,365915.00,100.00%,,,
460,Chris Luck,Jean Pierre Gonzales,365870.40,Dota 2,365870.40,100.00%,,,
461,qojqva,Maximilian Broecker,365748.28,Dota 2,365748.28,100.00%,,,
462,K1,Hector Antonio Rodriguez,365592.54,Dota 2,365592.54,100.00%,,,
463,Aitzy,Ludvik Jahnsen,365408.75,PLAYER0’S BATTLEGROUNDS,365408.75,100.00%,,,
464,glory,Sato Kenta,365050.00,Hearthstone,365050.00,100.00%,,,
465,Zer0,Trei Morris,364696.23,Call of Duty,98000.00,26.87%,,,
466,Riversan,River Handley,363766.67,Fortnite,363766.67,100.00%,,,
467,ArtStyle,Ivan Antonov,363298.37,Dota 2,360437.73,99.21%,,,
468,Ace,Aaron Elam,363050.00,Halo,202625.00,55.81%,,,
469,Wisper,Adrian Dobles,362570.40,Dota 2,362570.40,100.00%,,,
470,letme,"Yan, Jun Ze",360201.28,League of Legends,360201.28,100.00%,,,
471,Inonix,"Na, Hee",360172.34,PLAYER0’S BATTLEGROUNDS,360172.34,100.00%,,,
472,Xepher,Kenny Deo,360130.38,Dota 2,360130.38,100.00%,,,
473,Reset,"Im, Jin Woo",360093.52,Heroes of the Storm,360093.52,100.00%,,,
474,Grubby,Manuel Schenkhuizen,359905.11,WarCraft III,300150.22,83.40%,,,
475,Huni,"Heo, Seung Hoon",357699.25,League of Legends,357699.25,100.00%,,,
476,JannisZ,Jannis Matwin,356787.54,Fortnite,356787.54,100.00%,,,
477,smurf,"Yoo, Myeong Hwan",355350.83,Overwatch,355350.83,100.00%,,,
478,REZ,Fredrik Sterner,355301.54,Counter-Strike: Global Offensive,355301.54,100.00%,,,
479,SoNNeikO,Akbar Butaev,353981.25,Dota 2,353981.25,100.00%,,,
480,Moth,Grant Espe,353964.92,Overwatch,353964.92,100.00%,,,
481,Ttsst,"Kang, Woon Sung",353715.98,Heroes of the Storm,353715.98,100.00%,,,
482,Punk,Victor Woodley,353510.24,Street Fighter,206310.00,58.36%,,,
483,pino,Gabriel Fernandes,352843.29,Rainbow Six Siege,352052.48,99.78%,,,
484,ChoiHyoBin,"Choi, Hyo Bin",352823.87,Overwatch,352823.87,100.00%,,,
485,Achieved,Matthew Solomon,352800.00,Rainbow Six Siege,352800.00,100.00%,,,
486,JaCkz,Audric Jug,352662.75,Counter-Strike: Global Offensive,351947.87,99.80%,,,
487,Poach,Jake Brumleve,352575.00,Fortnite,325700.00,92.38%,,,
488,Beaulo,Jason Doty,352385.00,Rainbow Six Siege,352385.00,100.00%,,,
489,herO,"Kim, Joon Ho",352357.93,StarCraft II,352357.92,100.00%,,,
490,Hurt,"Xia, Shengqqin",351915.65,Arena of Valor,351915.65,100.00%,,,
491,Hylissang,Zdravec Gulubov,350660.29,League of Legends,350660.29,100.00%,,,
492,nexa,Nemanja Isaković,350416.41,Counter-Strike: Global Offensive,350416.41,100.00%,,,
493,MSL,Mathias Lauridsen,350324.83,Counter-Strike: Global Offensive,349557.33,99.78%,,,
494,Vinny,Vinny Gilgan,350238.80,Fortnite,350238.80,100.00%,,,
495,Cizzorz,Jack -,349750.00,Fortnite,345750.00,98.86%,,,
496,Merc,Bryan Wrzek,349716.67,Rainbow Six Siege,349716.67,100.00%,,,
497,Haru,"Kang, Min Seung",348691.73,League of Legends,348691.73,100.00%,,,
498,YZ,"Liu, Tianhao",348661.56,Arena of Valor,348661.56,100.00%,,,
499,poyoyo,"Yang, Shaohan",348227.70,Dota 2,348227.70,100.00%,,,
500,Wunder,Martin Hansen,348151.76,League of Legends,348151.76,100.00%,,,