Team Name,Region,Game
4 Zoomers,North America,Dota 2
5ManMidas,North America,Dota 2
Arkosh Gaming,North America,Dota 2
Black N Yellow,North America,Dota 2
Electronic Boys,North America,Dota 2
Evil Geniuses,North America,Dota 2
felt,North America,Dota 2
Quincy Crew,North America,Dota 2
simply TOOBASED,North America,Dota 2
Team DogChamp,North America,Dota 2
TEAM TEAM,North America,Dota 2
The Cut,North America,Dota 2
TSM,North America,Dota 2
Wildcard Gaming,North America,Dota 2
business associates,North America,Dota 2
Chaos Esports Club,North America,Dota 2
Cloud9,North America,Dota 2
Complexity Gaming,North America,Dota 2
CR4ZY,North America,Dota 2
D2 Hustlers,North America,Dota 2
Demon Slayers,North America,Dota 2
Fighting PandaS,North America,Dota 2
Flying Penguins,North America,Dota 2
Forward Gaming,North America,Dota 2
Immortals,North America,Dota 2
J.Storm,North America,Dota 2
OpTic Gaming,North America,Dota 2
Planet Odd,North America,Dota 2
S A D B O Y S,North America,Dota 2
Summer's Rift,North America,Dota 2
Team Archon,North America,Dota 2
Team Dignitas,North America,Dota 2
Team Leviathan,North America,Dota 2
Team NP,North America,Dota 2
Team Tinker,North America,Dota 2
Team Undying,North America,Dota 2
Thunderbirds,North America,Dota 2
VGJ.Storm,North America,Dota 2
Wheel Whreck,North America,Dota 2
Balrogs,SA,Dota 2
beastcoast,SA,Dota 2
Gorillaz-Pride,SA,Dota 2
Hokori,SA,Dota 2
Infamous,SA,Dota 2
Infinity,SA,Dota 2
Interitus,SA,Dota 2
Inverse,SA,Dota 2
APU King of Kings,SA,Dota 2
Lava,SA,Dota 2
Mad Kings,SA,Dota 2
NoPing e-sports,SA,Dota 2
Omega Gaming,SA,Dota 2
SG esports,SA,Dota 2
Thunder Awaken,SA,Dota 2
Unknown Team,SA,Dota 2
Vicious Gaming,SA,Dota 2
Wolf Team,SA,Dota 2
Crewmates,SA,Dota 2
Demolition Boys,SA,Dota 2
EgoBoys,SA,Dota 2
Elite Wolves,SA,Dota 2
FURIA Esports,SA,Dota 2
incubus club,SA,Dota 2
INTZ eSports,SA,Dota 2
Isurus Gaming,SA,Dota 2
Keyd Stars,SA,Dota 2
Kingao+4,SA,Dota 2
Latam Defenders,SA,Dota 2
Majestic esports,SA,Dota 2
Midas Club,SA,Dota 2
Not Today,SA,Dota 2
paiN Gaming,SA,Dota 2
paiN X,SA,Dota 2
Playmakers Esports,SA,Dota 2
Sacred,SA,Dota 2
Sector V,SA,Dota 2
T Show.Rising,SA,Dota 2
Team Anvorgesa,SA,Dota 2
Team Brasil,SA,Dota 2
Team DileCom,SA,Dota 2
Union Gaming BO,SA,Dota 2
VINCE TE IPSUM,SA,Dota 2
Alliance,EU,Dota 2
Brame,EU,Dota 2
Chicken Fighters,EU,Dota 2
Entity,EU,Dota 2
Ghost Frogs,EU,Dota 2
Gladiators,EU,Dota 2
Into The Breach,EU,Dota 2
Nigma Galaxy,EU,Dota 2
No Bounty Hunter,EU,Dota 2
OG,EU,Dota 2
Team Bald Reborn,EU,Dota 2
Team Liquid,EU,Dota 2
Team Secret,EU,Dota 2
Tundra Esports,EU,Dota 2
(monkey) Business,EU,Dota 2
4 Anchors + SC,EU,Dota 2
4 Clover & Lepricon,EU,Dota 2
Ad Finem,EU,Dota 2
Creepwave,EU,Dota 2
Elements Pro,EU,Dota 2
Escape Gaming,EU,Dota 2
Hellbear Smashers,EU,Dota 2
High Coast Esports,EU,Dota 2
Kaipi,EU,Dota 2
London Conspiracy,EU,Dota 2
Meet Your Makers,EU,Dota 2
mousesports,EU,Dota 2
mudgolems,EU,Dota 2
Ninjas in Pyjamas,EU,Dota 2
OG Seed,EU,Dota 2
PENTA Sports,EU,Dota 2
Prodota Gaming,EU,Dota 2
Sigma.int,EU,Dota 2
Speed Gaming.int,EU,Dota 2
Team Kinguin,EU,Dota 2
Team Tickles,EU,Dota 2
The Final Tribe,EU,Dota 2
The Imperial,EU,Dota 2
Vikin.gg,EU,Dota 2
AS Monaco Gambit,CIS,Dota 2
B8,CIS,Dota 2
CIS Rejects,CIS,Dota 2
Fantastic Five,CIS,Dota 2
Gambit Esports,CIS,Dota 2
HellRaisers,CIS,Dota 2
HYDRA,CIS,Dota 2
Natus Vincere,CIS,Dota 2
Nemiga Gaming,CIS,Dota 2
PuckChamp,CIS,Dota 2
Team Empire,CIS,Dota 2
Team Spirit,CIS,Dota 2
V-Gaming,CIS,Dota 2
Virtus.pro,CIS,Dota 2
VP.Prodigy,CIS,Dota 2
Winstrike Team,CIS,Dota 2
ASUS Polar,CIS,Dota 2
Cascade,CIS,Dota 2
Cyber Legacy,CIS,Dota 2
Effect,CIS,Dota 2
EXTREMUM,CIS,Dota 2
F.R.I.E.N.D.S.,CIS,Dota 2
FlyToMoon,CIS,Dota 2
forZe,CIS,Dota 2
jfshfh178,CIS,Dota 2
Khan,CIS,Dota 2
Live to Win,CIS,Dota 2
Moscow Five,CIS,Dota 2
NoLifer5.Reborn,CIS,Dota 2
NoTechies,CIS,Dota 2
Old but Gold,CIS,Dota 2
Pavaga Gaming,CIS,Dota 2
Power Rangers,CIS,Dota 2
Rebels,CIS,Dota 2
RoX,CIS,Dota 2
Team Empire Hope,CIS,Dota 2
Team Unique,CIS,Dota 2
The Pango,CIS,Dota 2
TPB,CIS,Dota 2
Vega Squadron,CIS,Dota 2
Yellow Submarine,CIS,Dota 2
Aster.Aries,China,Dota 2
CDEC Gaming,China,Dota 2
EHOME,China,Dota 2
iG Vitality,China,Dota 2
Invictus Gaming,China,Dota 2
LBZS,China,Dota 2
Phoenix Gaming,China,Dota 2
Paris Saint-Germain Esports,China,Dota 2
Royal Never Give Up,China,Dota 2
Sparking Arrow Gaming,China,Dota 2
Team Aster,China,Dota 2
Team MagMa,China,Dota 2
Vici Gaming,China,Dota 2
Xtreme Gaming,China,Dota 2
Big God,China,Dota 2
CDEC Youth,China,Dota 2
Elephant,China,Dota 2
Energy Pacemaker,China,Dota 2
For The Dream,China,Dota 2
FTD club C,China,Dota 2
HyperGloryTeam,China,Dota 2
Keen Gaming,China,Dota 2
KG.Luminous,China,Dota 2
LGD Gaming,China,Dota 2
LV Gaming,China,Dota 2
Newbee,China,Dota 2
Newbee Young,China,Dota 2
Old Boys,China,Dota 2
Team DK,China,Dota 2
Team Random,China,Dota 2
Team Serenity,China,Dota 2
Team Sirius,China,Dota 2
To.be.or.not.to.be,China,Dota 2
TongFu,China,Dota 2
TongFu.WanZhou,China,Dota 2
VGJ.Thunder,China,Dota 2
VG.Reborn,China,Dota 2
We Are Young,China,Dota 2
Wings Gaming,China,Dota 2
496,Asia,Dota 2
Army Geniuses,Asia,Dota 2
BOOM Esports,Asia,Dota 2
Execration,Asia,Dota 2
Fnatic,Asia,Dota 2
Lilgun,Asia,Dota 2
Motivate.Trust Gaming,Asia,Dota 2
Neon Esports,Asia,Dota 2
Nigma Galaxy SEA,Asia,Dota 2
Polaris Esports,Asia,Dota 2
T1,Asia,Dota 2
Talon Esports,Asia,Dota 2
Team Orca,Asia,Dota 2
Team SMG,Asia,Dota 2
Team Veteran,Asia,Dota 2
The Prime,Asia,Dota 2
TNC Predator,Asia,Dota 2
Yangon Galacticos,Asia,Dota 2
Adroit Esports,Asia,Dota 2
Cignal Ultra,Asia,Dota 2
Clutch Gamers,Asia,Dota 2
DeToNator,Asia,Dota 2
Geek Fam,Asia,Dota 2
Mineski,Asia,Dota 2
Made in Thailand,Asia,Dota 2
MVP HOT6ix,Asia,Dota 2
MVP Phoenix,Asia,Dota 2
Omega Esports,Asia,Dota 2
Orange Esports,Asia,Dota 2
PG.Barracx,Asia,Dota 2
Rave,Asia,Dota 2
Scythe Gaming,Asia,Dota 2
Signature Gaming,Asia,Dota 2
Signify,Asia,Dota 2
StarTale,Asia,Dota 2
Team Faceless,Asia,Dota 2
Team High Ground,Asia,Dota 2
Team Malaysia,Asia,Dota 2
Team Zenith,Asia,Dota 2
Tigers,Asia,Dota 2
Titan,Asia,Dota 2
WarriorsGaming.Unity,Asia,Dota 2
Zephyr,Asia,Dota 2
Ambush Esport,EU,Counter-Strike: Global Offensive
The Dice,EU,Counter-Strike: Global Offensive
Endpoint,EU,Counter-Strike: Global Offensive
Falcons Esports,EU,Counter-Strike: Global Offensive
G2 Esports,EU,Counter-Strike: Global Offensive
HEET,EU,Counter-Strike: Global Offensive
Team LDLC,EU,Counter-Strike: Global Offensive
LowLandLions,EU,Counter-Strike: Global Offensive
mCon esports,EU,Counter-Strike: Global Offensive
Team Vitality,EU,Counter-Strike: Global Offensive
ALTERNorth AmericaTE aTTaX,EU,Counter-Strike: Global Offensive
Berzerk,EU,Counter-Strike: Global Offensive
BIG,EU,Counter-Strike: Global Offensive
cowana Gaming,EU,Counter-Strike: Global Offensive
DIVIZON,EU,Counter-Strike: Global Offensive
Entropy Gaming,EU,Counter-Strike: Global Offensive
eSport Rhein-Neckar,EU,Counter-Strike: Global Offensive
Team LEISURE,EU,Counter-Strike: Global Offensive
No Limit Gaming,EU,Counter-Strike: Global Offensive
plan-B esports,EU,Counter-Strike: Global Offensive
Sangal Esports,EU,Counter-Strike: Global Offensive
Sissi State Punks,EU,Counter-Strike: Global Offensive
Sprout,EU,Counter-Strike: Global Offensive
touch the crown,EU,Counter-Strike: Global Offensive
777 Esports,EU,Counter-Strike: Global Offensive
Apeks,EU,Counter-Strike: Global Offensive
Astralis,EU,Counter-Strike: Global Offensive
Conquer Gaming,EU,Counter-Strike: Global Offensive
Copenhagen Flames,EU,Counter-Strike: Global Offensive
Dignitas,EU,Counter-Strike: Global Offensive
ECSTATIC,EU,Counter-Strike: Global Offensive
ENCE,EU,Counter-Strike: Global Offensive
FaZe Clan,EU,Counter-Strike: Global Offensive
Team Finest,EU,Counter-Strike: Global Offensive
Fnatic,EU,Counter-Strike: Global Offensive
Team GamerLegion,EU,Counter-Strike: Global Offensive
HAVU Gaming,EU,Counter-Strike: Global Offensive
Heroic,EU,Counter-Strike: Global Offensive
KOVA Esports,EU,Counter-Strike: Global Offensive
Lemondogs,EU,Counter-Strike: Global Offensive
Lilmix,EU,Counter-Strike: Global Offensive
Ninjas in Pyjamas,EU,Counter-Strike: Global Offensive
OG,EU,Counter-Strike: Global Offensive
Tricked Esport,EU,Counter-Strike: Global Offensive
For The Win Esports,EU,Counter-Strike: Global Offensive
GTZ Bulls Esports,EU,Counter-Strike: Global Offensive
Movistar Riders,EU,Counter-Strike: Global Offensive
OFFSET Esports,EU,Counter-Strike: Global Offensive
Rhyno Esports,EU,Counter-Strike: Global Offensive
SAW,EU,Counter-Strike: Global Offensive
AGO,EU,Counter-Strike: Global Offensive
Anonymo Esports,EU,Counter-Strike: Global Offensive
AVEZ,EU,Counter-Strike: Global Offensive
Team BLINK,EU,Counter-Strike: Global Offensive
BLUEJAYS,EU,Counter-Strike: Global Offensive
BRUTE,EU,Counter-Strike: Global Offensive
Budapest Five,EU,Counter-Strike: Global Offensive
Dark Tigers,EU,Counter-Strike: Global Offensive
Dynamo Eclot,EU,Counter-Strike: Global Offensive
eClub Brugge,EU,Counter-Strike: Global Offensive
eEriness,EU,Counter-Strike: Global Offensive
ENTERPRISE esports,EU,Counter-Strike: Global Offensive
Entropiq Prague,EU,Counter-Strike: Global Offensive
Eternal Fire,EU,Counter-Strike: Global Offensive
eSuba,EU,Counter-Strike: Global Offensive
FATE Esports,EU,Counter-Strike: Global Offensive
GameAgents,EU,Counter-Strike: Global Offensive
HONORIS,EU,Counter-Strike: Global Offensive
Illuminar Gaming,EU,Counter-Strike: Global Offensive
iNation,EU,Counter-Strike: Global Offensive
MAD Lions,EU,Counter-Strike: Global Offensive
MOUZ,EU,Counter-Strike: Global Offensive
Nexus Gaming,EU,Counter-Strike: Global Offensive
ONYX,EU,Counter-Strike: Global Offensive
PACT,EU,Counter-Strike: Global Offensive
SINNERS Esports,EU,Counter-Strike: Global Offensive
SKADE,EU,Counter-Strike: Global Offensive
Wisła Kraków,EU,Counter-Strike: Global Offensive
1win,CIS,Counter-Strike: Global Offensive
AVANGAR,CIS,Counter-Strike: Global Offensive
AVE,CIS,Counter-Strike: Global Offensive
Entropiq,CIS,Counter-Strike: Global Offensive
Esports Club Kyiv,CIS,Counter-Strike: Global Offensive
forZe,CIS,Counter-Strike: Global Offensive
Gambit Esports,CIS,Counter-Strike: Global Offensive
HellRaisers,CIS,Counter-Strike: Global Offensive
K23,CIS,Counter-Strike: Global Offensive
Natus Vincere,CIS,Counter-Strike: Global Offensive
Nemiga Gaming,CIS,Counter-Strike: Global Offensive
Team Singularity,CIS,Counter-Strike: Global Offensive
Team Spirit,CIS,Counter-Strike: Global Offensive
Team Unique,CIS,Counter-Strike: Global Offensive
Virtus.pro,CIS,Counter-Strike: Global Offensive
Bad News Bears,North America,Counter-Strike: Global Offensive
Complexity Gaming,North America,Counter-Strike: Global Offensive
Evil Geniuses,North America,Counter-Strike: Global Offensive
Team Liquid,North America,Counter-Strike: Global Offensive
Mythic,North America,Counter-Strike: Global Offensive
Party Astronauts,North America,Counter-Strike: Global Offensive
Rugratz,North America,Counter-Strike: Global Offensive
Third Impact,North America,Counter-Strike: Global Offensive
Vireo.pro,North America,Counter-Strike: Global Offensive
9z Team,SA,Counter-Strike: Global Offensive
Black Dragons e-Sports,SA,Counter-Strike: Global Offensive
Elevate,SA,Counter-Strike: Global Offensive
FURIA Esports,SA,Counter-Strike: Global Offensive
GODSENT,SA,Counter-Strike: Global Offensive
Liberty,SA,Counter-Strike: Global Offensive
Imperial Esports,SA,Counter-Strike: Global Offensive
Infinity,SA,Counter-Strike: Global Offensive
Isurus,SA,Counter-Strike: Global Offensive
Leviatán,SA,Counter-Strike: Global Offensive
Malvinas Gaming,SA,Counter-Strike: Global Offensive
MIBR,SA,Counter-Strike: Global Offensive
Team One,SA,Counter-Strike: Global Offensive
paiN Gaming,SA,Counter-Strike: Global Offensive
Santos e-Sports,SA,Counter-Strike: Global Offensive
Sharks Esports,SA,Counter-Strike: Global Offensive
Supremacy Gaming,SA,Counter-Strike: Global Offensive
SWS Gaming,SA,Counter-Strike: Global Offensive
LookingForOrg,Oceania,Counter-Strike: Global Offensive
ORDER,Oceania,Counter-Strike: Global Offensive
Paradox Esports,Oceania,Counter-Strike: Global Offensive
Renegades,Oceania,Counter-Strike: Global Offensive
VERTEX Esports Club,Oceania,Counter-Strike: Global Offensive
After Gaming,China,Counter-Strike: Global Offensive
Invictus Gaming,China,Counter-Strike: Global Offensive
Lynn Vision Gaming,China,Counter-Strike: Global Offensive
Rare Atom,China,Counter-Strike: Global Offensive
Steel Helmet,China,Counter-Strike: Global Offensive
TYLOO,China,Counter-Strike: Global Offensive
Wings Up Gaming,China,Counter-Strike: Global Offensive
Xi'anTaiChangGui,China,Counter-Strike: Global Offensive
Checkmate,Asia,Counter-Strike: Global Offensive
D13,Asia,Counter-Strike: Global Offensive
North AmericaSR Esports,Asia,Counter-Strike: Global Offensive
Team NKT,Asia,Counter-Strike: Global Offensive
Team Renewal,Asia,Counter-Strike: Global Offensive
The MongolZ,Asia,Counter-Strike: Global Offensive
ATK,Africa,Counter-Strike: Global Offensive
Bravado Gaming,Africa,Counter-Strike: Global Offensive
DNMK Esports,Africa,Counter-Strike: Global Offensive
Goliath Gaming,Africa,Counter-Strike: Global Offensive
100 Thieves,North America,League of Legends
Cloud9,North America,League of Legends
Counter Logic Gaming,North America,League of Legends
Dignitas,North America,League of Legends
Evil Geniuses,North America,League of Legends
FlyQuest,North America,League of Legends
Golden Guardians,North America,League of Legends
Immortals,North America,League of Legends
TSM,North America,League of Legends
Team Liquid,North America,League of Legends
Astralis,Asia,League of Legends
Excel Esports,Asia,League of Legends
Fnatic,Asia,League of Legends
G2 Esports,Asia,League of Legends
MAD Lions,Asia,League of Legends
Misfits Gaming,Asia,League of Legends
Rogue,Asia,League of Legends
SK Gaming,Asia,League of Legends
Team BDS,Asia,League of Legends
Team Vitality,Asia,League of Legends
Brion Esports,Asia,League of Legends
DAMWON Gaming,Asia,League of Legends
DRX,Asia,League of Legends
Freecs,Asia,League of Legends
Gen.G Esports,Asia,League of Legends
Hanwha Life Esports,Asia,League of Legends
KT Rolster,Asia,League of Legends
Nongshim RedForce,Asia,League of Legends
SANDBOX Gaming,Asia,League of Legends
T1,Asia,League of Legends
Anyone's Legend,China,League of Legends
Bilibili Gaming,China,League of Legends
EDward Gaming,China,League of Legends
FunPlus Phoenix,China,League of Legends
Invictus Gaming,China,League of Legends
JD Gaming,China,League of Legends
LGD Gaming,China,League of Legends
LNG Esports,China,League of Legends
Oh My God,China,League of Legends
Rare Atom,China,League of Legends
Royal Never Give Up,China,League of Legends
Team WE,China,League of Legends
ThunderTalk Gaming,China,League of Legends
Top Esports,China,League of Legends
Ultra Prime,China,League of Legends
Victory Five,China,League of Legends
Weibo Gaming,China,League of Legends
5 Ronin,CIS,League of Legends
Beşiktaş Esports,CIS,League of Legends
Dark Passage,CIS,League of Legends
Fenerbahçe Esports,CIS,League of Legends
Galakticos,CIS,League of Legends
Galatasaray Esports,CIS,League of Legends
North AmericaSR eSports,CIS,League of Legends
SuperMassive Blaze,CIS,League of Legends
Team AURORA,CIS,League of Legends
İstanbul Wildcats,CIS,League of Legends
FURIA Esports,SA,League of Legends
Flamengo Esports,SA,League of Legends
INTZ,SA,League of Legends
KaBuM! e-Sports,SA,League of Legends
LOUD,SA,League of Legends
Liberty,SA,League of Legends
Miners.gg,SA,League of Legends
paiN Gaming,SA,League of Legends
RED Canids,SA,League of Legends
Rensga Esports,SA,League of Legends
Beyond Gaming,Asia,League of Legends
CTBC Flying Oyster,Asia,League of Legends
Deep Cross Gaming,Asia,League of Legends
FRANK Esports,Asia,League of Legends
Hurricane Gaming,Asia,League of Legends
Impunity,Asia,League of Legends
J Team,Asia,League of Legends
Meta Falcon Team,Asia,League of Legends
PSG Talon,Asia,League of Legends
SEM9,Asia,League of Legends
Black Star Gaming,CIS,League of Legends
CTRL PLAY,CIS,League of Legends
CrowCrowd,CIS,League of Legends
Dragon Army,CIS,League of Legends
One Breath Gaming,CIS,League of Legends
Team Spirit,CIS,League of Legends
Unicorns Of Love,CIS,League of Legends
Vega Squadron,CIS,League of Legends
AXIZ,Asia,League of Legends
Burning Core,Asia,League of Legends
Crest Gaming Act,Asia,League of Legends
DetonatioN FocusMe,Asia,League of Legends
Fukuoka SoftBank HAWKS,Asia,League of Legends
Rascal Jester,Asia,League of Legends
Sengoku Gaming,Asia,League of Legends
V3 Esports,Asia,League of Legends
All Knights,North America,League of Legends
Estral Esports,North America,League of Legends
Globant Emerald Team,North America,League of Legends
Infinity,North America,League of Legends
Isurus,North America,League of Legends
Rainbow7,North America,League of Legends
Team Aze,North America,League of Legends
XTEN Esports,North America,League of Legends
Chiefs Esports Club,Oceania,League of Legends
Dire Wolves,Oceania,League of Legends
Gravitas,Oceania,League of Legends
Kanga Esports,Oceania,League of Legends
MAMMOTH Esports Club,Oceania,League of Legends
ORDER,Oceania,League of Legends
PEACE,Oceania,League of Legends
Pentanet.GG,Oceania,League of Legends
Burst The Sky Esports,Asia,League of Legends
CERBERUS Esports,Asia,League of Legends
GAM Esports,Asia,League of Legends
Luxury Esports,Asia,League of Legends
SBTC Esports,Asia,League of Legends
Saigon Buffalo,Asia,League of Legends
Team Flash,Asia,League of Legends
Team Secret,Asia,League of Legends
⁠00 Nation,EU,Fortnite
⁠⁠100 Thieves.EU,EU,Fortnite
⁠⁠11 Monkeyz,EU,Fortnite
⁠⁠11 Monkeyz Academy,EU,Fortnite
⁠⁠13Utopik,EU,Fortnite
⁠⁠777 Klan,EU,Fortnite
⁠⁠7Drops Esports,EU,Fortnite
⁠⁠7Drops Esports Academy,EU,Fortnite
⁠⁠7Titans,EU,Fortnite
⁠⁠9I6,EU,Fortnite
⁠⁠9I6 Academy,EU,Fortnite
⁠⁠Ace eSports,EU,Fortnite
⁠⁠AceOfSpades,EU,Fortnite
⁠⁠AceOfSpades Academy,EU,Fortnite
⁠⁠ACY eSports,EU,Fortnite
⁠⁠Aerial Unit Europe,EU,Fortnite
⁠⁠Aeva Team,EU,Fortnite
⁠⁠Aeva Team Academy,EU,Fortnite
⁠⁠Aggro Europe,EU,Fortnite
⁠⁠AGO Esports,EU,Fortnite
⁠⁠Agony M Europe,EU,Fortnite
⁠⁠AION Espana,EU,Fortnite
⁠⁠Akademus Esport,EU,Fortnite
⁠⁠Akinci Esport,EU,Fortnite
⁠⁠Aliens Squad,EU,Fortnite
⁠⁠Alliance,EU,Fortnite
⁠⁠ALOFT Gaming,EU,Fortnite
⁠⁠Aopik Gaming,EU,Fortnite
⁠⁠Apeks,EU,Fortnite
⁠⁠Apolic Gaming,EU,Fortnite
⁠⁠Aquato eSports,EU,Fortnite
⁠⁠Arctis Esports,EU,Fortnite
⁠⁠Arex Esports,EU,Fortnite
⁠⁠Armor Gaming,EU,Fortnite
⁠⁠Arrow Clan,EU,Fortnite
⁠⁠ARTIC eSports,EU,Fortnite
⁠⁠Artik Esports,EU,Fortnite
⁠⁠AS Monaco E-Sports,EU,Fortnite
⁠⁠Asteria Gaming,EU,Fortnite
⁠⁠Asteria Gaming Academy,EU,Fortnite
⁠⁠Asterism United,EU,Fortnite
⁠⁠Astralis,EU,Fortnite
⁠⁠Astro7 Gaming,EU,Fortnite
⁠⁠Athis Esports,EU,Fortnite
⁠⁠Averiour,EU,Fortnite
⁠⁠Avesta Gaming,EU,Fortnite
⁠⁠BadTurtles,EU,Fortnite
⁠⁠Become Legends,EU,Fortnite
⁠⁠Become Legends Academy,EU,Fortnite
⁠⁠beGenius ESC,EU,Fortnite
⁠⁠BeHard eSport,EU,Fortnite
⁠⁠BeHard eSport Academy,EU,Fortnite
⁠⁠Beşiktaş Esports,EU,Fortnite
⁠⁠Buildfight Clan,EU,Fortnite
⁠⁠Bifrost,EU,Fortnite
⁠⁠BlackMICE Esports,EU,Fortnite
⁠⁠BP eSports,EU,Fortnite
⁠⁠Bravely E-sports,EU,Fortnite
⁠⁠Burning Foxes,EU,Fortnite
⁠⁠CBT eSports,EU,Fortnite
⁠⁠Centric Gaming,EU,Fortnite
⁠⁠Claim Esports,EU,Fortnite
⁠⁠Claim Factory,EU,Fortnite
⁠⁠Claim The Victory,EU,Fortnite
⁠⁠Claim The Victory Academy,EU,Fortnite
⁠⁠Clutch Rayn eSport,EU,Fortnite
⁠⁠Cold Hearted Esports Europe,EU,Fortnite
⁠⁠Cometa Team,EU,Fortnite
⁠⁠Connecting Esports,EU,Fortnite
⁠⁠Copenhagen Flames,EU,Fortnite
⁠⁠Copenhagen Flames Academy,EU,Fortnite
⁠⁠Cracked Nation,EU,Fortnite
⁠⁠Crazy Crew E-sports,EU,Fortnite
⁠⁠Crispy1 eSport,EU,Fortnite
⁠⁠Crown eSports LTD,EU,Fortnite
⁠⁠Crypto Esports,EU,Fortnite
⁠⁠Crypto Esports Academy,EU,Fortnite
⁠⁠Cyber Legacy,EU,Fortnite
⁠⁠Dark Passage,EU,Fortnite
⁠⁠Dark Zone eSports,EU,Fortnite
⁠⁠Darkness Nation,EU,Fortnite
⁠⁠Darkness Nation Academy,EU,Fortnite
⁠⁠Delor Gaming,EU,Fortnite
⁠⁠Delor Gaming Academy,EU,Fortnite
⁠⁠Delor Gaming Talents,EU,Fortnite
⁠⁠Destiny Esports,EU,Fortnite
⁠⁠Devils.one,EU,Fortnite
⁠⁠Diablos Esports,EU,Fortnite
⁠⁠Different eSports,EU,Fortnite
⁠⁠Different eSports Academy,EU,Fortnite
⁠⁠Diinasty Esports,EU,Fortnite
⁠⁠Diinasty Esports Academy,EU,Fortnite
⁠⁠Dionix,EU,Fortnite
⁠⁠Divert Esports LTD,EU,Fortnite
⁠⁠Divine Gaming,EU,Fortnite
⁠⁠dizLown Esport,EU,Fortnite
⁠⁠Double Dimension,EU,Fortnite
⁠⁠Dreags,EU,Fortnite
⁠⁠Dreags Academy,EU,Fortnite
⁠⁠Dsyre,EU,Fortnite
⁠⁠DualMedia Esports,EU,Fortnite
⁠⁠Dynamik Clan,EU,Fortnite
⁠⁠Dynamik Clan Academy,EU,Fortnite
⁠⁠E-vo Esport,EU,Fortnite
⁠⁠ECV Esports,EU,Fortnite
⁠⁠Electronik Generation,EU,Fortnite
⁠⁠Elementary eSport,EU,Fortnite
⁠⁠Elimpone Gaming,EU,Fortnite
⁠⁠Elites Esports,EU,Fortnite
⁠⁠Elyandra Esport,EU,Fortnite
⁠⁠Empire Club,EU,Fortnite
⁠⁠Enterprise Esports,EU,Fortnite
⁠⁠Enterprise Gaming,EU,Fortnite
⁠⁠Enterprise Gaming Academy,EU,Fortnite
⁠⁠ePunks,EU,Fortnite
⁠⁠eQuizers,EU,Fortnite
⁠⁠eRa Eternity.EU,EU,Fortnite
⁠⁠ErA Team,EU,Fortnite
⁠⁠ESport Rhein-Neckar,EU,Fortnite
⁠⁠eSportingClub,EU,Fortnite
⁠⁠Esports Psycho,EU,Fortnite
⁠⁠espuma,EU,Fortnite
⁠⁠eSpuma Academy,EU,Fortnite
⁠⁠eSuba,EU,Fortnite
⁠⁠Etajima ALBA E-sports Europe,EU,Fortnite
⁠⁠Eterna Gaming,EU,Fortnite
⁠⁠eTernity,EU,Fortnite
⁠⁠Eternity Esports,EU,Fortnite
⁠⁠Evolt Esports,EU,Fortnite
⁠⁠Evolve Gaming,EU,Fortnite
⁠⁠eWorld In Progress,EU,Fortnite
⁠⁠Exalty,EU,Fortnite
⁠⁠Excel Esports,EU,Fortnite
⁠⁠Exeed Esports,EU,Fortnite
⁠⁠Exen esports,EU,Fortnite
⁠⁠eXeS eSports,EU,Fortnite
⁠⁠Fact Revolution,EU,Fortnite
⁠⁠Failen9,EU,Fortnite
⁠⁠Falcons Esport.EU,EU,Fortnite
⁠⁠Fast Forward eSports North America,EU,Fortnite
⁠⁠FaZe Clan.EU,EU,Fortnite
⁠⁠FDP Login Esports,EU,Fortnite
⁠⁠Team Finest,EU,Fortnite
⁠⁠Five Media Clan,EU,Fortnite
⁠⁠FLY2 eSports,EU,Fortnite
⁠⁠Fnatic,EU,Fortnite
⁠⁠FOKUS CLAN,EU,Fortnite
⁠⁠For The Win Esports,EU,Fortnite
⁠⁠Forget Gaming,EU,Fortnite
⁠⁠Fourteen eSports,EU,Fortnite
⁠⁠FREEDOM GAMING,EU,Fortnite
⁠⁠FreeZe Esports,EU,Fortnite
⁠⁠Fusion eSports Europe,EU,Fortnite
⁠⁠Future Legends,EU,Fortnite
⁠⁠FutureX eSports,EU,Fortnite
⁠⁠G2 Esports,EU,Fortnite
⁠⁠Galaxy Racer Esports,EU,Fortnite
⁠⁠Gambit Esports,EU,Fortnite
⁠⁠GamersOrigin,EU,Fortnite
⁠⁠Gamma Gaming,EU,Fortnite
⁠⁠Gamma Gaming Academy,EU,Fortnite
⁠⁠Garnet Esports,EU,Fortnite
⁠⁠gBots PRO,EU,Fortnite
⁠⁠Gen.G Esports Europe,EU,Fortnite
⁠⁠Ghost Gaming Europe,EU,Fortnite
⁠⁠Gladiator Gaming,EU,Fortnite
⁠⁠Glorious Esport,EU,Fortnite
⁠⁠GloV3 Esport,EU,Fortnite
⁠⁠Got2Game Esport,EU,Fortnite
⁠⁠Granit Gaming,EU,Fortnite
⁠⁠Grom.F1rst,EU,Fortnite
⁠⁠GTZBulls,EU,Fortnite
⁠⁠Guild Esports,EU,Fortnite
⁠⁠hart eSport,EU,Fortnite
⁠⁠Heaven Gaming,EU,Fortnite
⁠⁠HellRaisers,EU,Fortnite
⁠⁠Highness Gaming,EU,Fortnite
⁠⁠Hive Athens EC,EU,Fortnite
⁠⁠I Speak Gaming,EU,Fortnite
⁠⁠i9 Esport,EU,Fortnite
⁠⁠Illuminar Gaming,EU,Fortnite
⁠⁠Impact Gaming,EU,Fortnite
⁠⁠Impact Gaming Academy,EU,Fortnite
⁠⁠Impave Gaming,EU,Fortnite
⁠⁠Imperishable Clan,EU,Fortnite
⁠⁠InFuriaEsport,EU,Fortnite
⁠⁠Inside Games,EU,Fortnite
⁠⁠InSighT Gaming,EU,Fortnite
⁠⁠InTenZive,EU,Fortnite
⁠⁠Invertice,EU,Fortnite
⁠⁠Invertice Academy,EU,Fortnite
⁠⁠Invicta Gaming,EU,Fortnite
⁠⁠Invictus Team,EU,Fortnite
⁠⁠Irg Team,EU,Fortnite
⁠⁠İstanbul Wildcats,EU,Fortnite
⁠⁠Izako Boars,EU,Fortnite
⁠⁠K1CK eSports Club,EU,Fortnite
⁠⁠K8,EU,Fortnite
⁠⁠Karuma,EU,Fortnite
⁠⁠Keystar Team,EU,Fortnite
⁠⁠KOVA Esports,EU,Fortnite
⁠⁠KPI Gaming,EU,Fortnite
⁠⁠KPI Gaming Academy,EU,Fortnite
⁠⁠Kungarna.EU,EU,Fortnite
⁠⁠KWK Esport,EU,Fortnite
⁠⁠La Team,EU,Fortnite
⁠⁠LAVY Esports,EU,Fortnite
⁠⁠Lawless Esport,EU,Fortnite
⁠⁠LeStream Esport,EU,Fortnite
⁠⁠LootBoy Esports,EU,Fortnite
⁠⁠LootBoy Esports Academy,EU,Fortnite
⁠⁠Luminosity Gaming Europe,EU,Fortnite
⁠⁠Luminox Planet,EU,Fortnite
⁠⁠Luminox Planet Academy,EU,Fortnite
⁠⁠Lunary,EU,Fortnite
⁠⁠Lynx Esports,EU,Fortnite
⁠⁠Lyost Esport,EU,Fortnite
⁠⁠Lyost Esport Academy,EU,Fortnite
⁠⁠M10 eSports,EU,Fortnite
⁠⁠M1337,EU,Fortnite
⁠⁠M19,EU,Fortnite
⁠⁠Machete Gaming,EU,Fortnite
⁠⁠Madness Factory,EU,Fortnite
⁠⁠Make Your Destiny,EU,Fortnite
⁠⁠Mav3ricks eSports Club,EU,Fortnite
⁠⁠MCES Africa,EU,Fortnite
⁠⁠MCES Italia,EU,Fortnite
⁠⁠Mercury Esports,EU,Fortnite
⁠⁠Mercury Esports Academy,EU,Fortnite
⁠⁠Meruem Esport,EU,Fortnite
⁠⁠Meta eSports,EU,Fortnite
⁠⁠Method2Madness,EU,Fortnite
⁠⁠MindBot,EU,Fortnite
⁠⁠Mkers,EU,Fortnite
⁠⁠Mock-it Esports,EU,Fortnite
⁠⁠Monaco eSports,EU,Fortnite
⁠⁠Monolith Gaming,EU,Fortnite
⁠⁠Moscow Five Academy,EU,Fortnite
⁠⁠Mousesports,EU,Fortnite
⁠⁠MSR Esport,EU,Fortnite
⁠⁠MTP Esport,EU,Fortnite
⁠⁠mYinsanity,EU,Fortnite
⁠⁠Myztro Gaming,EU,Fortnite
⁠⁠Nacro Gaming,EU,Fortnite
⁠⁠NCBz eSport,EU,Fortnite
⁠⁠NeaZ eSports,EU,Fortnite
⁠⁠Nefarious Gaming,EU,Fortnite
⁠⁠Never Back Down,EU,Fortnite
⁠⁠Nevoneets eSports,EU,Fortnite
⁠⁠NewSevens,EU,Fortnite
⁠⁠Nexus Gaming,EU,Fortnite
⁠⁠Nexus Gaming Academy,EU,Fortnite
⁠⁠Nidhogg esport,EU,Fortnite
⁠⁠New Legends Gaming,EU,Fortnite
⁠⁠NLG Esports Academy,EU,Fortnite
⁠⁠NOETIC,EU,Fortnite
⁠⁠NOM Gaming,EU,Fortnite
⁠⁠NoPov,EU,Fortnite
⁠⁠Northern Star Gaming,EU,Fortnite
⁠⁠NoRules Gaming,EU,Fortnite
⁠⁠Noweaver E-sport,EU,Fortnite
⁠⁠NRG Esports.EU,EU,Fortnite
⁠⁠Odense Esport,EU,Fortnite
⁠⁠One X Esport,EU,Fortnite
⁠⁠ONI,EU,Fortnite
⁠⁠Onyx Esports,EU,Fortnite
⁠⁠Onyx Esports Academy,EU,Fortnite
⁠⁠Onyx Esports Talent,EU,Fortnite
⁠⁠Orange Foxes,EU,Fortnite
⁠⁠Orezia,EU,Fortnite
⁠⁠orKs Grand Poitiers,EU,Fortnite
⁠⁠Oserv Esport,EU,Fortnite
⁠⁠Oslow Esport,EU,Fortnite
⁠⁠Outage Gaming,EU,Fortnite
⁠⁠Outage Gaming Academy,EU,Fortnite
⁠⁠Ovation eSports,EU,Fortnite
⁠⁠Ovation eSports Academy,EU,Fortnite
⁠⁠OVER Team,EU,Fortnite
⁠⁠Overtime Gaming.EU,EU,Fortnite
⁠⁠Oziris Esport,EU,Fortnite
⁠⁠Pandore Esport,EU,Fortnite
⁠⁠Papyrus e-Sport,EU,Fortnite
⁠⁠Paradise Gaming,EU,Fortnite
⁠⁠Paradise Gaming Academy,EU,Fortnite
⁠⁠PENTA Sports,EU,Fortnite
⁠⁠Pitbull eSports,EU,Fortnite
⁠⁠Playwell Esport,EU,Fortnite
⁠⁠Playwell Esport Academy,EU,Fortnite
⁠⁠PLYNIUS Europe,EU,Fortnite
⁠⁠Praeditus Gaming,EU,Fortnite
⁠⁠Praeditus Gaming Academy,EU,Fortnite
⁠⁠Premium Gaming,EU,Fortnite
⁠⁠Premium Gaming Academy,EU,Fortnite
⁠⁠Primates Esport,EU,Fortnite
⁠⁠Prism Gang,EU,Fortnite
⁠⁠Project Eversio International,EU,Fortnite
⁠⁠PROSERV eSport,EU,Fortnite
⁠⁠Prostage Gaming,EU,Fortnite
⁠⁠PSQ,EU,Fortnite
⁠⁠Pulsar Esport,EU,Fortnite
⁠⁠Purk Gaming,EU,Fortnite
⁠⁠PWR Europe,EU,Fortnite
⁠⁠QLASH Spain,EU,Fortnite
⁠⁠Quartz Esport,EU,Fortnite
⁠⁠Raised by Kings Europe,EU,Fortnite
⁠⁠RAK UNITED,EU,Fortnite
⁠⁠Ramboot Club,EU,Fortnite
⁠⁠RBW,EU,Fortnite
⁠⁠RCN2 Team,EU,Fortnite
⁠⁠Reality Zone,EU,Fortnite
⁠⁠ReaWall eSport,EU,Fortnite
⁠⁠Recon Esports LTD,EU,Fortnite
⁠⁠Red Revenge,EU,Fortnite
⁠45px⁠Red Vikings,EU,Fortnite
⁠⁠RedFear eSports,EU,Fortnite
⁠⁠RedFear eSports Academy,EU,Fortnite
⁠⁠RedPack Esports,EU,Fortnite
⁠⁠Reflex Esport Club,EU,Fortnite
⁠⁠Region Unit,EU,Fortnite
⁠⁠Reply Totem,EU,Fortnite
⁠⁠Revizon,EU,Fortnite
⁠⁠Rivage E-Sport,EU,Fortnite
⁠⁠RixGG,EU,Fortnite
⁠⁠RIZE Gaming Europe,EU,Fortnite
⁠⁠RIZON,EU,Fortnite
⁠⁠RosCey eSports,EU,Fortnite
⁠⁠RosCey eSports Academy,EU,Fortnite
⁠⁠Royal Bandits,EU,Fortnite
⁠⁠RoyalSavage,EU,Fortnite
⁠⁠Ruby Esports,EU,Fortnite
⁠⁠Ruby Esports Academy,EU,Fortnite
⁠⁠Rysix Gaming,EU,Fortnite
⁠⁠Saints Esports,EU,Fortnite
⁠⁠Samsung Morning Stars,EU,Fortnite
⁠⁠Script Esport,EU,Fortnite
⁠⁠Script Esport Academy,EU,Fortnite
⁠⁠Script Esport Brazil,EU,Fortnite
⁠⁠Sentic Esports,EU,Fortnite
⁠⁠Serpes Gaming,EU,Fortnite
⁠⁠Sharp Esports,EU,Fortnite
⁠⁠Shori E-Sport,EU,Fortnite
⁠⁠Shori E-Sport Academy,EU,Fortnite
⁠⁠Siko Esports,EU,Fortnite
⁠⁠Siko Esports Academy,EU,Fortnite
⁠⁠SISSI STATE PUNKS,EU,Fortnite
⁠⁠Sked Esport,EU,Fortnite
⁠⁠SKR E-sport,EU,Fortnite
⁠⁠Slavgent,EU,Fortnite
⁠⁠Slide Esport,EU,Fortnite
⁠⁠SMASH Esports,EU,Fortnite
⁠⁠Snow Esports,EU,Fortnite
⁠⁠Solary,EU,Fortnite
⁠⁠Soolit Esport,EU,Fortnite
⁠⁠Sparkling Champions,EU,Fortnite
⁠⁠Splice Esport,EU,Fortnite
⁠⁠Start ! eSport,EU,Fortnite
⁠⁠StillPrevail Esports,EU,Fortnite
⁠⁠StillPrevail Esports Academy,EU,Fortnite
⁠⁠STR Team,EU,Fortnite
⁠⁠Stratum Esports,EU,Fortnite
⁠⁠Sunrise eSports,EU,Fortnite
⁠⁠Sunrise Gaming,EU,Fortnite
⁠⁠SunriseAUT,EU,Fortnite
⁠⁠Suprion,EU,Fortnite
⁠⁠Swift Gaming,EU,Fortnite
⁠⁠Swift Gaming Academy,EU,Fortnite
⁠⁠Syrus Esports,EU,Fortnite
⁠⁠Tactic eSport,EU,Fortnite
⁠⁠Tactic eSport Academy,EU,Fortnite
⁠⁠Tactic eSport Talent,EU,Fortnite
⁠⁠TBIT Gaming,EU,Fortnite
⁠⁠Team Aero,EU,Fortnite
⁠⁠Team Ascendable,EU,Fortnite
⁠⁠Team Atlantic,EU,Fortnite
⁠⁠Team Atlantic Academy,EU,Fortnite
⁠⁠Team BDS,EU,Fortnite
⁠⁠Team Creed,EU,Fortnite
⁠⁠Team Creed Academy,EU,Fortnite
⁠⁠Team CSE,EU,Fortnite
⁠⁠Team Delta,EU,Fortnite
⁠⁠Team Devium,EU,Fortnite
⁠⁠Team Devour.EU,EU,Fortnite
⁠⁠Team Diplomacy,EU,Fortnite
⁠⁠Team Dives,EU,Fortnite
⁠⁠Team Echo Zulu,EU,Fortnite
⁠⁠Team Evenezy,EU,Fortnite
⁠⁠Team Evenezy Academy,EU,Fortnite
⁠⁠Team Exceptis,EU,Fortnite
⁠⁠Team Execute Academy,EU,Fortnite
⁠⁠Team FNX,EU,Fortnite
⁠⁠Team Focus,EU,Fortnite
⁠⁠Team GameWard,EU,Fortnite
⁠⁠Team Heretics,EU,Fortnite
⁠⁠Team Hexar,EU,Fortnite
⁠⁠Team Hexar Academy,EU,Fortnite
⁠⁠Team Homyno,EU,Fortnite
⁠⁠Team Lightning,EU,Fortnite
⁠⁠Team Liquid.EU,EU,Fortnite
⁠⁠Team Lyzard,EU,Fortnite
⁠⁠Team MCE,EU,Fortnite
⁠⁠Team MCES,EU,Fortnite
⁠⁠Team Milianiz,EU,Fortnite
⁠⁠Team Nitro,EU,Fortnite
⁠⁠Team NoMercy,EU,Fortnite
⁠⁠Team OneShot Europe,EU,Fortnite
⁠⁠Team Onyx,EU,Fortnite
⁠⁠Team Overtime,EU,Fortnite
⁠⁠Team Panica,EU,Fortnite
⁠⁠Team Parallel.EU,EU,Fortnite
⁠45px⁠Team Platina,EU,Fortnite
⁠⁠Team Provide,EU,Fortnite
⁠⁠Team Purgens,EU,Fortnite
⁠⁠Team Queso,EU,Fortnite
⁠⁠Team Quix,EU,Fortnite
⁠⁠Team Risiko,EU,Fortnite
⁠⁠Team Saqr,EU,Fortnite
⁠⁠Team Serenity Europe,EU,Fortnite
⁠⁠Team Serenity Europe Academy,EU,Fortnite
⁠⁠Team Sigma,EU,Fortnite
⁠45px⁠Team Singularity.EU,EU,Fortnite
⁠⁠Team Spectralis,EU,Fortnite
⁠⁠Team SPN,EU,Fortnite
⁠⁠Team Swyzz,EU,Fortnite
⁠⁠Team Syncro,EU,Fortnite
⁠⁠Team Syncro Academy,EU,Fortnite
⁠⁠Team Try,EU,Fortnite
⁠⁠Team Unique,EU,Fortnite
⁠⁠Team Venexus,EU,Fortnite
⁠⁠Team Vertex,EU,Fortnite
⁠⁠Team ViaR,EU,Fortnite
⁠⁠Team Vitality,EU,Fortnite
⁠⁠Team Wavy,EU,Fortnite
⁠⁠Team Wavy Academy,EU,Fortnite
⁠⁠Team Zenetti,EU,Fortnite
⁠⁠Team-LDLC,EU,Fortnite
⁠⁠TheCartel Esports Academy,EU,Fortnite
⁠⁠TheUltimates eSports Europe,EU,Fortnite
⁠⁠ThunderFlash,EU,Fortnite
⁠⁠Tilted eSports,EU,Fortnite
⁠⁠TopLevel,EU,Fortnite
⁠⁠Triada Gaming,EU,Fortnite
⁠⁠Tricked eSports,EU,Fortnite
⁠⁠Tricked eSports Academy,EU,Fortnite
⁠⁠Trinity Esports,EU,Fortnite
⁠⁠TrK Team,EU,Fortnite
⁠⁠TSM.EU,EU,Fortnite
⁠⁠TT9,EU,Fortnite
⁠⁠TT9 Academy,EU,Fortnite
⁠⁠Twentystars - 20s,EU,Fortnite
⁠⁠UniQ Region,EU,Fortnite
⁠⁠Uractum Esports,EU,Fortnite
⁠⁠Ursus Esports,EU,Fortnite
⁠⁠V4 Multi-Gaming Organisation Academy,EU,Fortnite
⁠⁠Vade Esports Europe,EU,Fortnite
⁠⁠Valence,EU,Fortnite
⁠⁠Valors,EU,Fortnite
⁠⁠VCTRY Esports,EU,Fortnite
⁠⁠VCTRY Esports Academy,EU,Fortnite
⁠⁠VELOCITY eSports,EU,Fortnite
⁠⁠Vendetta Esports (Polish Team),EU,Fortnite
⁠⁠Vervana Gaming,EU,Fortnite
⁠⁠Vervana Gaming Academy,EU,Fortnite
⁠⁠VISU Gaming,EU,Fortnite
⁠⁠Volt Esports,EU,Fortnite
⁠⁠Voltage Esports,EU,Fortnite
⁠⁠Voltage Esports Academy,EU,Fortnite
⁠⁠Vuptrox,EU,Fortnite
⁠⁠Vuptrox Academy,EU,Fortnite
⁠⁠Vxs eSports,EU,Fortnite
⁠⁠Vyto Esports,EU,Fortnite
⁠⁠Warthox esport,EU,Fortnite
⁠⁠Wave Esports,EU,Fortnite
⁠⁠Wave Esports Academy,EU,Fortnite
⁠⁠Wick eSports,EU,Fortnite
⁠⁠Winstrike Team,EU,Fortnite
⁠⁠WLGaming Esports,EU,Fortnite
⁠⁠Wolf E-Sports,EU,Fortnite
⁠⁠wr eSport,EU,Fortnite
⁠⁠Wygers EC,EU,Fortnite
⁠⁠x6tence,EU,Fortnite
⁠⁠XStream eSports,EU,Fortnite
⁠⁠Xypher Esports,EU,Fortnite
⁠⁠Xypher Esports Academy,EU,Fortnite
⁠⁠Xypher Esports Talent,EU,Fortnite
⁠⁠YASUKE Esport Club,EU,Fortnite
⁠⁠Zano Esport,EU,Fortnite
⁠⁠Zephyr eSport,EU,Fortnite
⁠⁠ZerøZone,EU,Fortnite
⁠⁠Zoned Esport,EU,Fortnite
⁠⁠Zoorig eSport,EU,Fortnite
⁠⁠100 Thieves,North America,Fortnite
⁠⁠4LK,North America,Fortnite
⁠⁠7Wonders Esports,North America,Fortnite
⁠45px⁠ACY Esports.North America,North America,Fortnite
⁠⁠Agent Gaming.North America,North America,Fortnite
⁠⁠Aggro North America,North America,Fortnite
⁠⁠Agony M North America,North America,Fortnite
⁠⁠Aspire Unit,North America,Fortnite
⁠⁠Astra Gaming.North America,North America,Fortnite
⁠⁠Balanced Esports,North America,Fortnite
⁠⁠Built By Gamers,North America,Fortnite
⁠⁠Cloud9.North America,North America,Fortnite
⁠⁠Cold Hearted Esports North America,North America,Fortnite
⁠⁠Complexity Gaming,North America,Fortnite
⁠⁠Cosa Nostra Games,North America,Fortnite
⁠⁠Counter Logic Gaming,North America,Fortnite
⁠⁠Devious Esports North America,North America,Fortnite
⁠⁠Dinjom Bucks,North America,Fortnite
⁠⁠Echelon Gaming,North America,Fortnite
⁠⁠Elevate,North America,Fortnite
⁠⁠Eleven Gaming North America,North America,Fortnite
⁠⁠Elite Esports,North America,Fortnite
⁠⁠ENGAGED,North America,Fortnite
⁠⁠Enterprise Gaming North America,North America,Fortnite
⁠⁠Evil Geniuses,North America,Fortnite
⁠⁠FaZe Clan,North America,Fortnite
⁠⁠Fear Nova,North America,Fortnite
⁠⁠First Gaming,North America,Fortnite
⁠⁠FLu Esports,North America,Fortnite
⁠⁠Fusion eSports,North America,Fortnite
⁠⁠G2 Esports.North America,North America,Fortnite
⁠⁠Gen.G Esports North America,North America,Fortnite
⁠⁠Ghost Gaming,North America,Fortnite
⁠⁠Gold Clan,North America,Fortnite
⁠⁠Ignite Beyond,North America,Fortnite
⁠⁠Illuminate Entertainment,North America,Fortnite
⁠⁠JFT Esports.North America,North America,Fortnite
⁠⁠Junior Rogue,North America,Fortnite
⁠⁠Kingsmen,North America,Fortnite
⁠⁠Kungarna,North America,Fortnite
⁠⁠Lawless Esport North America,North America,Fortnite
⁠⁠Legion,North America,Fortnite
⁠⁠Luminosity Gaming,North America,Fortnite
⁠⁠Make it Happen,North America,Fortnite
⁠⁠Matrix Gaming,North America,Fortnite
⁠⁠MERK Esports,North America,Fortnite
⁠⁠Misfits Gaming North America,North America,Fortnite
⁠⁠Misfits Gaming North America Academy,North America,Fortnite
⁠⁠Mizu Esports,North America,Fortnite
⁠⁠Moon Unit Gaming,North America,Fortnite
⁠⁠MRKN Clan,North America,Fortnite
⁠⁠NBK,North America,Fortnite
⁠⁠NRG Esports.North America,North America,Fortnite
⁠⁠Offset Gaming,North America,Fortnite
⁠⁠Omen Elite,North America,Fortnite
⁠⁠Optify Esports,North America,Fortnite
⁠⁠Optimal Ambition,North America,Fortnite
⁠⁠Oracle Unit,North America,Fortnite
⁠⁠Oryx Esports.North America,North America,Fortnite
⁠⁠Outcast Region,North America,Fortnite
⁠⁠Overtime Gaming,North America,Fortnite
⁠⁠Philthy,North America,Fortnite
⁠⁠Pittsburgh Knights,North America,Fortnite
⁠⁠Polar Ace Esports,North America,Fortnite
⁠⁠Project Livid,North America,Fortnite
⁠⁠Pursue Alliance,North America,Fortnite
⁠⁠Raised by Kings North America,North America,Fortnite
⁠⁠Reach Uprise,North America,Fortnite
⁠⁠Region Unit.North America,North America,Fortnite
⁠⁠Repulse Gaming,North America,Fortnite
⁠⁠Reven Esports,North America,Fortnite
⁠⁠Rise Nation,North America,Fortnite
⁠⁠Rogue,North America,Fortnite
⁠⁠Sentinels,North America,Fortnite
⁠⁠Sixfigures,North America,Fortnite
⁠⁠SoaR Gaming,North America,Fortnite
⁠⁠SolaFide Esports,North America,Fortnite
⁠⁠Soul Free,North America,Fortnite
⁠⁠Split Esports,North America,Fortnite
⁠⁠Syndicate Esports,North America,Fortnite
⁠⁠Team 2Raw,North America,Fortnite
⁠⁠Team 33 Gaming,North America,Fortnite
⁠⁠Team 33 Gaming Academy,North America,Fortnite
⁠⁠TEAM AKA,North America,Fortnite
⁠⁠Team Aloof,North America,Fortnite
⁠⁠Team Apex,North America,Fortnite
⁠⁠Team Assault,North America,Fortnite
⁠⁠Team Damaged Souls,North America,Fortnite
⁠⁠Team Devour,North America,Fortnite
⁠⁠Team Fight Club,North America,Fortnite
⁠⁠Team Heretics.North America,North America,Fortnite
⁠⁠Team Honor,North America,Fortnite
⁠⁠Team Insight,North America,Fortnite
⁠⁠Team J.Storm,North America,Fortnite
⁠⁠Team Kaliber,North America,Fortnite
⁠⁠Team Liquid,North America,Fortnite
⁠⁠Team Luminance,North America,Fortnite
⁠⁠Team New Age,North America,Fortnite
⁠⁠Team NorCal,North America,Fortnite
⁠⁠Team OneShot,North America,Fortnite
⁠⁠Team Parallel,North America,Fortnite
⁠⁠Team Pulsar,North America,Fortnite
⁠⁠Team Serenity North America,North America,Fortnite
⁠⁠Team Zaida,North America,Fortnite
⁠⁠Timber Esports,North America,Fortnite
⁠⁠TMP ESPORTS,North America,Fortnite
⁠⁠TRNL Gaming,North America,Fortnite
⁠⁠TSM,North America,Fortnite
⁠⁠TWSTD,North America,Fortnite
⁠⁠Ultraviolet,North America,Fortnite
⁠⁠v8 eSports,North America,Fortnite
⁠⁠Vade Esports,North America,Fortnite
⁠⁠Vanguard,North America,Fortnite
⁠⁠Vanish,North America,Fortnite
⁠⁠Vexo,North America,Fortnite
⁠⁠Viable,North America,Fortnite
⁠⁠Viduus Gaming,North America,Fortnite
⁠⁠VORTEX CGO,North America,Fortnite
⁠⁠Witness The Journey,North America,Fortnite
⁠⁠Xen,North America,Fortnite
⁠⁠XGeN,North America,Fortnite
⁠⁠XSET,North America,Fortnite
⁠⁠Young Clan,North America,Fortnite
9z Team,SA,Fortnite
⁠⁠Abstract Team,SA,Fortnite
⁠⁠Action Gaming,SA,Fortnite
⁠⁠Aerial Unit,SA,Fortnite
⁠⁠AION Esports,SA,Fortnite
⁠⁠Aracne Esports,SA,Fortnite
⁠⁠Azules Esports,SA,Fortnite
⁠⁠Cloud9,SA,Fortnite
⁠⁠DC Team,SA,Fortnite
⁠⁠eRa Eternity,SA,Fortnite
⁠⁠Evilvice Esports,SA,Fortnite
⁠⁠EZG Team,SA,Fortnite
⁠⁠F4TALITY eSports,SA,Fortnite
⁠⁠Falkol eSports,SA,Fortnite
⁠⁠FaZe Clan.BR,SA,Fortnite
⁠⁠FURIA Esports,SA,Fortnite
⁠⁠FURY Brazil,SA,Fortnite
⁠⁠Golden Hawks,SA,Fortnite
⁠⁠Hero Base,SA,Fortnite
⁠⁠InTenZive.BR,SA,Fortnite
⁠⁠INTZ e-Sports,SA,Fortnite
⁠⁠Kungarna.BR,SA,Fortnite
⁠⁠LOUD,SA,Fortnite
⁠⁠Millions,SA,Fortnite
⁠⁠New Age eSports,SA,Fortnite
⁠⁠New G3neration e-Sports,SA,Fortnite
⁠⁠Nocturns Gaming,SA,Fortnite
⁠⁠OnLy Esports,SA,Fortnite
⁠⁠Reach My Level,SA,Fortnite
⁠⁠RED Canids,SA,Fortnite
⁠⁠RedFear eSports.BR,SA,Fortnite
⁠⁠Rysix Gaming Brazil,SA,Fortnite
⁠⁠Sinisters eSports,SA,Fortnite
⁠⁠Team Aloof Brazil,SA,Fortnite
⁠⁠Team Heretics.SA,SA,Fortnite
⁠⁠Team Liquid.BR,SA,Fortnite
⁠⁠Team NoMercy.BR,SA,Fortnite
⁠⁠Team oNe eSports,SA,Fortnite
⁠⁠Team Singularity,SA,Fortnite
⁠⁠Team Sniper Gang.BR,SA,Fortnite
⁠⁠Team TRIBE,SA,Fortnite
⁠⁠Team Vikings,SA,Fortnite
⁠⁠The Atlas Lions,SA,Fortnite
⁠⁠The Boys Esports,SA,Fortnite
⁠⁠TRNL Gaming BR,SA,Fortnite
⁠⁠Vikings Gaming,SA,Fortnite
⁠⁠W7M Gaming,SA,Fortnite
⁠⁠WClick,SA,Fortnite
⁠⁠We Play Games,SA,Fortnite
⁠⁠ИYTH,SA,Fortnite
4SAMURAI FUNK,Asia,Fortnite
⁠⁠Absolute JUPITER,Asia,Fortnite
⁠⁠ALBA ASIA,Asia,Fortnite
⁠⁠Alternative,Asia,Fortnite
⁠⁠ASF,Asia,Fortnite
⁠⁠BlossoM,Asia,Fortnite
⁠⁠Champion eSports,Asia,Fortnite
⁠⁠Crazy Raccoon,Asia,Fortnite
⁠⁠Crow Esports,Asia,Fortnite
⁠⁠DELTA esports,Asia,Fortnite
⁠⁠EDward Gaming,Asia,Fortnite
⁠⁠EHOME,Asia,Fortnite
⁠⁠eRa Eternity Asia,Asia,Fortnite
⁠⁠Etajima ALBA E-sports,Asia,Fortnite
⁠⁠FLUID,Asia,Fortnite
⁠⁠Focus e-Sports Team,Asia,Fortnite
⁠⁠FunPlus Phoenix,Asia,Fortnite
⁠⁠GameWith,Asia,Fortnite
⁠⁠GIGA,Asia,Fortnite
⁠⁠GR Gaming,Asia,Fortnite
⁠⁠Griffin,Asia,Fortnite
⁠⁠Heaven Esports,Asia,Fortnite
⁠⁠Hypro Gaming,Asia,Fortnite
⁠⁠Infernal Esports,Asia,Fortnite
⁠⁠JFT Esports Asia,Asia,Fortnite
⁠⁠KAWAZ Esports,Asia,Fortnite
⁠⁠Keen Gaming,Asia,Fortnite
⁠⁠Liberta Building,Asia,Fortnite
⁠⁠Meta Gaming,Asia,Fortnite
⁠⁠Mirage Esports,Asia,Fortnite
⁠⁠Nester,Asia,Fortnite
⁠⁠Newbee,Asia,Fortnite
⁠⁠Next Esports,Asia,Fortnite
⁠⁠noGAMESENSE,Asia,Fortnite
⁠⁠OP Gaming,Asia,Fortnite
⁠⁠Papyrus e-Sport Asia,Asia,Fortnite
⁠⁠Papyrus e-Sport Oceania,Asia,Fortnite
⁠⁠Pyxis Gaming,Asia,Fortnite
⁠⁠Resurgence,Asia,Fortnite
⁠⁠Riddle,Asia,Fortnite
⁠⁠Secret Label,Asia,Fortnite
⁠⁠Survivor Gaming,Asia,Fortnite
⁠⁠Team Flash,Asia,Fortnite
⁠⁠Team Mizu,Asia,Fortnite
⁠⁠Team WE,Asia,Fortnite
⁠⁠Trigger,Asia,Fortnite
⁠⁠TriggerQQ,Asia,Fortnite
⁠⁠Vortex Esports,Asia,Fortnite
⁠⁠WIZARD ESPORTS,Asia,Fortnite
⁠⁠World Game Star Storm,Asia,Fortnite
⁠1620 Kings,Oceania,Fortnite
⁠⁠6th Sense,Oceania,Fortnite
⁠⁠Agent Gaming.OCE,Oceania,Fortnite
⁠⁠Chiefs Esports Club,Oceania,Fortnite
⁠⁠Clarix Esports.OCE,Oceania,Fortnite
⁠⁠Continuum Esports,Oceania,Fortnite
⁠⁠eRa Eternity.OCE,Oceania,Fortnite
⁠⁠Forbidden Gaming,Oceania,Fortnite
⁠⁠FURY Australia,Oceania,Fortnite
⁠⁠Ghost Gaming Oceania,Oceania,Fortnite
⁠⁠Heaven Esports Oceania,Oceania,Fortnite
⁠⁠Immersive Gaming,Oceania,Fortnite
⁠⁠Influence Gaming,Oceania,Fortnite
⁠⁠JFT Esports,Oceania,Fortnite
⁠⁠LootBoy Esports Oceania,Oceania,Fortnite
⁠⁠Luminosity Gaming Oceania,Oceania,Fortnite
⁠⁠Mako ESC,Oceania,Fortnite
⁠⁠Malice Esports,Oceania,Fortnite
⁠⁠Menage,Oceania,Fortnite
⁠⁠Mindfreak,Oceania,Fortnite
⁠⁠NBR Gaming,Oceania,Fortnite
⁠⁠Osiris Esports Club,Oceania,Fortnite
⁠⁠Outcast Region Oceania,Oceania,Fortnite
⁠⁠Overt,Oceania,Fortnite
⁠⁠Overtime Gaming.OCE,Oceania,Fortnite
⁠⁠Paradox Gaming,Oceania,Fortnite
⁠⁠Primitive Esports,Oceania,Fortnite
⁠⁠PWR,Oceania,Fortnite
⁠⁠Revile Esports,Oceania,Fortnite
⁠⁠Solace,Oceania,Fortnite
⁠⁠Spray and Prey Gaming,Oceania,Fortnite
⁠⁠Team Aloof Oceania,Oceania,Fortnite
⁠⁠Team Gallium,Oceania,Fortnite
⁠⁠Team Honor Oceania,Oceania,Fortnite
⁠⁠Team New Age Oceania,Oceania,Fortnite
⁠⁠Team Process,Oceania,Fortnite
⁠⁠Team Pulsar Oceania,Oceania,Fortnite
⁠⁠Team Saqr,Oceania,Fortnite
⁠45px⁠Tilted Royals,Oceania,Fortnite
⁠⁠Trident Esports,Oceania,Fortnite
⁠⁠Union Gaming Oceania,Oceania,Fortnite
⁠⁠Warriors Esports,Oceania,Fortnite
⁠⁠wr eSport Oceania,Oceania,Fortnite
All-Inspiration,North America,StarCraft II
 Alpha X,North America,StarCraft II
 Alpha X Latam,North America,StarCraft II
 Apprentice Esports,North America,StarCraft II
 BearMe,North America,StarCraft II
 Juggernauts,North America,StarCraft II
 Kaos Latin Gamers,North America,StarCraft II
 License to Kill,North America,StarCraft II
 nocturnal Gamers,North America,StarCraft II
 PSISTORM Gaming,North America,StarCraft II
 Remember The Game,North America,StarCraft II
 Risen from the Gosu,North America,StarCraft II
 ROOT Gaming,North America,StarCraft II
Shopify Rebellion,North America,StarCraft II
Team Legion,North America,StarCraft II
Team YP,North America,StarCraft II
The Gosu Crew,North America,StarCraft II
Timbers Esports,North America,StarCraft II
Ting,North America,StarCraft II
Death Zone,SA,StarCraft II
 ExcerituS Ignot,SA,StarCraft II
 eXimius Gaming,SA,StarCraft II
 Furious Gaming,SA,StarCraft II
 Host Competitive,SA,StarCraft II
 Imba Force,SA,StarCraft II
 InFernales eSports,SA,StarCraft II
 Isurus Gaming,SA,StarCraft II
 Legion of the Fallen,SA,StarCraft II
 New Angels,SA,StarCraft II
 Rebirth eSports,SA,StarCraft II
 The Bad,SA,StarCraft II
 TSØP GAMING,SA,StarCraft II
 Unidos por el Vicio,SA,StarCraft II
Berserker eSports,EU,StarCraft II
 ENCE,EU,StarCraft II
 ePunks,EU,StarCraft II
 Genesis Gaming,EU,StarCraft II
 KOVA Esports,EU,StarCraft II
 Micro Maniacs,EU,StarCraft II
 Reason Gaming,EU,StarCraft II
 RedDragons,EU,StarCraft II
 The Drunken Outlaws,EU,StarCraft II
 The Last Resort,EU,StarCraft II
Escuela Española Sc2,EU,StarCraft II
 Exeed Esports,EU,StarCraft II
 Mkers,EU,StarCraft II
 Starcraft Freaks Clan,EU,StarCraft II
 Team QLASH,EU,StarCraft II
3D!Clan,EU,StarCraft II
 7x Team,EU,StarCraft II
 AGO Esports,EU,StarCraft II
 BSLesports,EU,StarCraft II
 Cascade,EU,StarCraft II
 Harbingers,EU,StarCraft II
 Hasu Players,EU,StarCraft II
 Houkago Tea Team,EU,StarCraft II
 PLATOON,EU,StarCraft II
 ReG eSports,EU,StarCraft II
 Team Blacer,EU,StarCraft II
 Team STARCOM,EU,StarCraft II
 TerranBrotherhood,EU,StarCraft II
1. Berliner eSports Club e.V.,EU,StarCraft II
 against All authority,EU,StarCraft II
 Altar,EU,StarCraft II
 BIG,EU,StarCraft II
 Dark Origin,EU,StarCraft II
 Dark Oath,EU,StarCraft II
 GdA-Team,EU,StarCraft II
 Koka Authentique Pépite,EU,StarCraft II
 mCon esports Rotterdam,EU,StarCraft II
 MOUZ,EU,StarCraft II
 Nuit Blanche,EU,StarCraft II
 Platinum Heroes,EU,StarCraft II
 Project HIVE,EU,StarCraft II
 Team LDLC.com,EU,StarCraft II
 Team Liquid,EU,StarCraft II
 Team Rotti,EU,StarCraft II
 TSV Burgdorf e.V.,EU,StarCraft II
Freecs,Asia,StarCraft II
 PREP eSPORTS,Asia,StarCraft II
 Team GP,Asia,StarCraft II
 Team NV,Asia,StarCraft II
Dominaticus Esports,Asia,StarCraft II
 M8HEXA,Asia,StarCraft II
 Resurgence,Asia,StarCraft II
AfreecaTV Taiwan,China,StarCraft II
 Dragon Phoenix Gaming,China,StarCraft II
 Good Game Gaming,China,StarCraft II
 Invictus Gaming,China,StarCraft II
 KaiZi Gaming,China,StarCraft II
 Pixel 1,China,StarCraft II
 SCBoy,China,StarCraft II
 Starlight Twinkle,China,StarCraft II
 Team SPACECRAFT,China,StarCraft II
CranKy Ducklings,Oceania,StarCraft II
 Downfall Gaming,Oceania,StarCraft II
 Legacy Esports,Oceania,StarCraft II
 Mindfreak,Oceania,StarCraft II
 OpusV,Oceania,StarCraft II
CSO eSports,Africa,StarCraft II
BMGaming,North America,Arena of Valor
Dino Riders,North America,Arena of Valor
Eanix,North America,Arena of Valor
PrideStark Empire,North America,Arena of Valor
Tribe Gaming,North America,Arena of Valor
ACE 1,North America,Arena of Valor
Cream Esports,North America,Arena of Valor
GeO eSports,North America,Arena of Valor
INTZ eSports,North America,Arena of Valor
Nova Esports,North America,Arena of Valor
Overclock Esports,North America,Arena of Valor
paiN Gaming,North America,Arena of Valor
Alliance,EU,Arena of Valor
Cream Esports,EU,Arena of Valor
Dead Rabbits,EU,Arena of Valor
Nova Esports,EU,Arena of Valor
QLASH Spain,EU,Arena of Valor
Team Queso,EU,Arena of Valor
Team Vitality,EU,Arena of Valor
x6tence,EU,Arena of Valor
Bikertopia Esports,Asia,Arena of Valor
Chinese Taipei,Asia,Arena of Valor
Chinese Taipei Wildcard,Asia,Arena of Valor
Flash Wolves,Asia,Arena of Valor
Hong Kong Attitude,Asia,Arena of Valor
MAD Team,Asia,Arena of Valor
Most Outstanding Player,Asia,Arena of Valor
ONE Team,Asia,Arena of Valor
Samsung Taiwan Esports,Asia,Arena of Valor
TONGXIN,Asia,Arena of Valor
Talon Esports,Asia,Arena of Valor
Chinese Taipei,Asia,Arena of Valor
Bacon Dream,Asia,Arena of Valor
Bacon Time,Asia,Arena of Valor
Bazaar Gaming,Asia,Arena of Valor
Buriram United Esports,Asia,Arena of Valor
eArena,Asia,Arena of Valor
EVOS Esports TH,Asia,Arena of Valor
GOLDCITY Esports,Asia,Arena of Valor
King of Gamers Club,Asia,Arena of Valor
MS Chonburi,Asia,Arena of Valor
Thailand,Asia,Arena of Valor
Thailand,Asia,Arena of Valor
Thailand Wildcard,Asia,Arena of Valor
Amico Esports,Asia,Arena of Valor
B2F Gaming,Asia,Arena of Valor
Box Gaming,Asia,Arena of Valor
CERBERUS Esports,Asia,Arena of Valor
FAP Esports,Asia,Arena of Valor
HEAVY,Asia,Arena of Valor
MEMO Game,Asia,Arena of Valor
ProArmy,Asia,Arena of Valor
Saigon Phantom,Asia,Arena of Valor
Team Flash,Asia,Arena of Valor
Vietnam,Asia,Arena of Valor
Tân Voi Gaming,Asia,Arena of Valor
V Gaming,Asia,Arena of Valor
VEC In The Dark,Asia,Arena of Valor
Vietnam,Asia,Arena of Valor
Vietnam Wildcard,Asia,Arena of Valor
AIW ALTA,Asia,Arena of Valor
ArchAngel,Asia,Arena of Valor
Archangel XVIII,Asia,Arena of Valor
BOOM ID,Asia,Arena of Valor
Bigetron Esports,Asia,Arena of Valor
DG Esports,Asia,Arena of Valor
Dewa United,Asia,Arena of Valor
Hertz,Asia,Arena of Valor
Indonesia,Asia,Arena of Valor
Indonesia Wildcard,Asia,Arena of Valor
Saudara e-Sports,Asia,Arena of Valor
Team ELVO,Asia,Arena of Valor
Indonesia,Asia,Arena of Valor
XcN Gaming,Asia,Arena of Valor
Bren Esports,Asia,Arena of Valor
Liyab Esports,Asia,Arena of Valor
M8HEXA,Asia,Arena of Valor
Malaysia,Asia,Arena of Valor
Mighty Tiger Gaming,Asia,Arena of Valor
Philippines,Asia,Arena of Valor
Resurgence,Asia,Arena of Valor
Singapore,Asia,Arena of Valor
Tamago,Asia,Arena of Valor
UndeRank,Asia,Arena of Valor
Donuts Unsold Stuff Gaming,Asia,Arena of Valor
Killer Gaming,Asia,Arena of Valor
NewStar,Asia,Arena of Valor
SCARZ,Asia,Arena of Valor
X eSports,Asia,Arena of Valor
Bystanders,EU,PLAYERUNKNOWN’S BATTLEGROUNDS
  ENCE,EU,PLAYERUNKNOWN’S BATTLEGROUNDS
  Entropiq,EU,PLAYERUNKNOWN’S BATTLEGROUNDS
  Entropy Gaming,EU,PLAYERUNKNOWN’S BATTLEGROUNDS
  FIVE,EU,PLAYERUNKNOWN’S BATTLEGROUNDS
  FaZe Clan,EU,PLAYERUNKNOWN’S BATTLEGROUNDS
  Heroic,EU,PLAYERUNKNOWN’S BATTLEGROUNDS
  MForce,EU,PLAYERUNKNOWN’S BATTLEGROUNDS
  Marten Gaming,EU,PLAYERUNKNOWN’S BATTLEGROUNDS
  Norsemen,EU,PLAYERUNKNOWN’S BATTLEGROUNDS
  PolishPower,EU,PLAYERUNKNOWN’S BATTLEGROUNDS
  Sniip,EU,PLAYERUNKNOWN’S BATTLEGROUNDS
  Team Liquid,EU,PLAYERUNKNOWN’S BATTLEGROUNDS
  YMCA Esports,EU,PLAYERUNKNOWN’S BATTLEGROUNDS
AfterAlt,CIS,PLAYERUNKNOWN’S BATTLEGROUNDS
  EXhalatioN,CIS,PLAYERUNKNOWN’S BATTLEGROUNDS
  Mutiny,CIS,PLAYERUNKNOWN’S BATTLEGROUNDS
  Natus Vincere,CIS,PLAYERUNKNOWN’S BATTLEGROUNDS
  Question Mark,CIS,PLAYERUNKNOWN’S BATTLEGROUNDS
  Team Phantom,CIS,PLAYERUNKNOWN’S BATTLEGROUNDS
  Team Unique,CIS,PLAYERUNKNOWN’S BATTLEGROUNDS
  The Nuclear Penguins,CIS,PLAYERUNKNOWN’S BATTLEGROUNDS
  Tokyo Manji Gang,CIS,PLAYERUNKNOWN’S BATTLEGROUNDS
  Virtus.pro,CIS,PLAYERUNKNOWN’S BATTLEGROUNDS
  WinStreak,CIS,PLAYERUNKNOWN’S BATTLEGROUNDS
303 Esports,North America,PLAYERUNKNOWN’S BATTLEGROUNDS
  Adapt XD,North America,PLAYERUNKNOWN’S BATTLEGROUNDS
  Any Trolls in Chat,North America,PLAYERUNKNOWN’S BATTLEGROUNDS
  Dignitas,North America,PLAYERUNKNOWN’S BATTLEGROUNDS
  Dodge,North America,PLAYERUNKNOWN’S BATTLEGROUNDS
  eUnited,North America,PLAYERUNKNOWN’S BATTLEGROUNDS
  Elus1ve,North America,PLAYERUNKNOWN’S BATTLEGROUNDS
  Fabled,North America,PLAYERUNKNOWN’S BATTLEGROUNDS
  Guadalajara Gascans,North America,PLAYERUNKNOWN’S BATTLEGROUNDS
  Houston Hardshifts,North America,PLAYERUNKNOWN’S BATTLEGROUNDS
  Liberate,North America,PLAYERUNKNOWN’S BATTLEGROUNDS
  Oath Gaming,North America,PLAYERUNKNOWN’S BATTLEGROUNDS
  Spicy Fish,North America,PLAYERUNKNOWN’S BATTLEGROUNDS
  Susquehanna Soniqs,North America,PLAYERUNKNOWN’S BATTLEGROUNDS
  Team Veritas,North America,PLAYERUNKNOWN’S BATTLEGROUNDS
  The Rumblers,North America,PLAYERUNKNOWN’S BATTLEGROUNDS
  Three Hundred,North America,PLAYERUNKNOWN’S BATTLEGROUNDS
  Wildcard Gaming,North America,PLAYERUNKNOWN’S BATTLEGROUNDS
  22 Esports,North America,PLAYERUNKNOWN’S BATTLEGROUNDS
  A Creche,North America,PLAYERUNKNOWN’S BATTLEGROUNDS
  Black Tiger,North America,PLAYERUNKNOWN’S BATTLEGROUNDS
  Enrage Esports,North America,PLAYERUNKNOWN’S BATTLEGROUNDS
  FIUMBA,North America,PLAYERUNKNOWN’S BATTLEGROUNDS
  Just2Easy,North America,PLAYERUNKNOWN’S BATTLEGROUNDS
  KPI Gaming,North America,PLAYERUNKNOWN’S BATTLEGROUNDS
  Latin Dominus,North America,PLAYERUNKNOWN’S BATTLEGROUNDS
  Savage Esports,North America,PLAYERUNKNOWN’S BATTLEGROUNDS
  Trogloditas,North America,PLAYERUNKNOWN’S BATTLEGROUNDS
  Young Kings,North America,PLAYERUNKNOWN’S BATTLEGROUNDS
ATA,Asia,PLAYERUNKNOWN’S BATTLEGROUNDS
  DAMWON Gaming,Asia,PLAYERUNKNOWN’S BATTLEGROUNDS
  Danawa e-sports,Asia,PLAYERUNKNOWN’S BATTLEGROUNDS
  emTek StormX e-sports,Asia,PLAYERUNKNOWN’S BATTLEGROUNDS
  Freecs,Asia,PLAYERUNKNOWN’S BATTLEGROUNDS
  GHIBLI Esports,Asia,PLAYERUNKNOWN’S BATTLEGROUNDS
  GNL ESPORTS,Asia,PLAYERUNKNOWN’S BATTLEGROUNDS
  Gen.G Esports,Asia,PLAYERUNKNOWN’S BATTLEGROUNDS
  Maru Gaming,Asia,PLAYERUNKNOWN’S BATTLEGROUNDS
  OP.GG SPORTS,Asia,PLAYERUNKNOWN’S BATTLEGROUNDS
  Prince,Asia,PLAYERUNKNOWN’S BATTLEGROUNDS
  Veronica7,Asia,PLAYERUNKNOWN’S BATTLEGROUNDS
Armory Gaming,Asia,PLAYERUNKNOWN’S BATTLEGROUNDS
  Attack All Around,Asia,PLAYERUNKNOWN’S BATTLEGROUNDS
  Buriram United Esports,Asia,PLAYERUNKNOWN’S BATTLEGROUNDS
  Daytrade Gaming,Asia,PLAYERUNKNOWN’S BATTLEGROUNDS
  Kaiser Tuna,Asia,PLAYERUNKNOWN’S BATTLEGROUNDS
  MS Chonburi,Asia,PLAYERUNKNOWN’S BATTLEGROUNDS
  Made in Thailand,Asia,PLAYERUNKNOWN’S BATTLEGROUNDS
  Magic Esport,Asia,PLAYERUNKNOWN’S BATTLEGROUNDS
  MiTH.Streamer,Asia,PLAYERUNKNOWN’S BATTLEGROUNDS
  Pinto Gaming,Asia,PLAYERUNKNOWN’S BATTLEGROUNDS
  Purple Mood E-Sport,Asia,PLAYERUNKNOWN’S BATTLEGROUNDS
  Sharper Esport,Asia,PLAYERUNKNOWN’S BATTLEGROUNDS
  Theerathon Five,Asia,PLAYERUNKNOWN’S BATTLEGROUNDS
Aerowolf Team One,Asia,PLAYERUNKNOWN’S BATTLEGROUNDS
  Aerowolf Team Seven,Asia,PLAYERUNKNOWN’S BATTLEGROUNDS
  From the Future,Asia,PLAYERUNKNOWN’S BATTLEGROUNDS
  The Prime,Asia,PLAYERUNKNOWN’S BATTLEGROUNDS
  Victim Rise,Asia,PLAYERUNKNOWN’S BATTLEGROUNDS
BN United,Asia,PLAYERUNKNOWN’S BATTLEGROUNDS
  CERBERUS Esports,Asia,PLAYERUNKNOWN’S BATTLEGROUNDS
  KingQueen,Asia,PLAYERUNKNOWN’S BATTLEGROUNDS
  Team NO1,Asia,PLAYERUNKNOWN’S BATTLEGROUNDS
  The Expendables,Asia,PLAYERUNKNOWN’S BATTLEGROUNDS
  Unicorn Phoenix Da Nang,Asia,PLAYERUNKNOWN’S BATTLEGROUNDS
Gaventure,Asia,PLAYERUNKNOWN’S BATTLEGROUNDS
  Quacker,Asia,PLAYERUNKNOWN’S BATTLEGROUNDS
  Redsea Esport,Asia,PLAYERUNKNOWN’S BATTLEGROUNDS
Ayson E-Sports,Asia,PLAYERUNKNOWN’S BATTLEGROUNDS
Angel Alliance,Asia,PLAYERUNKNOWN’S BATTLEGROUNDS
  ArkAngel Predator,Asia,PLAYERUNKNOWN’S BATTLEGROUNDS
  Bahamut Gaming,Asia,PLAYERUNKNOWN’S BATTLEGROUNDS
  Dogzz,Asia,PLAYERUNKNOWN’S BATTLEGROUNDS
  Miraculum Gaming,Asia,PLAYERUNKNOWN’S BATTLEGROUNDS
  The Colony,Asia,PLAYERUNKNOWN’S BATTLEGROUNDS
AXIZ,Asia,PLAYERUNKNOWN’S BATTLEGROUNDS
  Blue Bees,Asia,PLAYERUNKNOWN’S BATTLEGROUNDS
  Donuts USG,Asia,PLAYERUNKNOWN’S BATTLEGROUNDS
  ENTER FORCE.36,Asia,PLAYERUNKNOWN’S BATTLEGROUNDS
  REJECT,Asia,PLAYERUNKNOWN’S BATTLEGROUNDS
  Rascal Jester,Asia,PLAYERUNKNOWN’S BATTLEGROUNDS
  SunSister,Asia,PLAYERUNKNOWN’S BATTLEGROUNDS
  V3 FOX,Asia,PLAYERUNKNOWN’S BATTLEGROUNDS
Game Dimension Boys,Asia,PLAYERUNKNOWN’S BATTLEGROUNDS
  Global Esports Xsset,Asia,PLAYERUNKNOWN’S BATTLEGROUNDS
  HK9,Asia,PLAYERUNKNOWN’S BATTLEGROUNDS
  MP5,Asia,PLAYERUNKNOWN’S BATTLEGROUNDS
  Talon Esports,Asia,PLAYERUNKNOWN’S BATTLEGROUNDS
  Team SADES,Asia,PLAYERUNKNOWN’S BATTLEGROUNDS
  WHITE CARD GANG GANG,Asia,PLAYERUNKNOWN’S BATTLEGROUNDS
17 Gaming,China,PLAYERUNKNOWN’S BATTLEGROUNDS
  Change The Game,China,PLAYERUNKNOWN’S BATTLEGROUNDS
  Four Angry Men,China,PLAYERUNKNOWN’S BATTLEGROUNDS
  Games Forever Young,China,PLAYERUNKNOWN’S BATTLEGROUNDS
  Infantry,China,PLAYERUNKNOWN’S BATTLEGROUNDS
  Multi Circle Gaming,China,PLAYERUNKNOWN’S BATTLEGROUNDS
  NewHappy,China,PLAYERUNKNOWN’S BATTLEGROUNDS
  Petrichor Road,China,PLAYERUNKNOWN’S BATTLEGROUNDS
  TYLOO,China,PLAYERUNKNOWN’S BATTLEGROUNDS
  Tianba,China,PLAYERUNKNOWN’S BATTLEGROUNDS
36 Cartel,Oceania,PLAYERUNKNOWN’S BATTLEGROUNDS
  FURY,Oceania,PLAYERUNKNOWN’S BATTLEGROUNDS
  Team Bliss,Oceania,PLAYERUNKNOWN’S BATTLEGROUNDS
BBL Esports,Africa,PLAYERUNKNOWN’S BATTLEGROUNDS
  Beşiktaş Esports,Africa,PLAYERUNKNOWN’S BATTLEGROUNDS
  Digital Athletics,Africa,PLAYERUNKNOWN’S BATTLEGROUNDS
  Futbolist,Africa,PLAYERUNKNOWN’S BATTLEGROUNDS
  Gear Up,Africa,PLAYERUNKNOWN’S BATTLEGROUNDS
  İstanbul Wildcats,Africa,PLAYERUNKNOWN’S BATTLEGROUNDS
DeathroW,EU,Rainbow Six Siege
 Epsilon eSports,EU,Rainbow Six Siege
 G2 Esports,EU,Rainbow Six Siege
 GoSkilla,EU,Rainbow Six Siege
 Granit Gaming,EU,Rainbow Six Siege
 HellRaisers,EU,Rainbow Six Siege
 Invicta Gaming,EU,Rainbow Six Siege
 Mkers,EU,Rainbow Six Siege
 MNM Gaming,EU,Rainbow Six Siege
 Movistar Riders,EU,Rainbow Six Siege
 Natus Vincere,EU,Rainbow Six Siege
 Playing Ducks,EU,Rainbow Six Siege
 Rogue,EU,Rainbow Six Siege
 Team BDS,EU,Rainbow Six Siege
 Team Empire,EU,Rainbow Six Siege
 Team Secret,EU,Rainbow Six Siege
 Totem Esports,EU,Rainbow Six Siege
 Virtus.pro,EU,Rainbow Six Siege
 WiLD MultiGaming,EU,Rainbow Six Siege
 Yunktis,EU,Rainbow Six Siege
Arial Arise,North America,Rainbow Six Siege
 DarkZero Esports,North America,Rainbow Six Siege
 Mirage,North America,Rainbow Six Siege
 Oxygen Esports,North America,Rainbow Six Siege
 Parabellum Esports,North America,Rainbow Six Siege
 Soniqs,North America,Rainbow Six Siege
 Spacestation Gaming,North America,Rainbow Six Siege
 Team MystiC,North America,Rainbow Six Siege
 TSM,North America,Rainbow Six Siege
 XSET,North America,Rainbow Six Siege
 Ōkami,North America,Rainbow Six Siege
 9z Team,North America,Rainbow Six Siege
 ALPHA Team,North America,Rainbow Six Siege
 Black Dragons e-Sports,North America,Rainbow Six Siege
 Black Dragons e-Sports Female,North America,Rainbow Six Siege
 Coscu Army,North America,Rainbow Six Siege
 FaZe Clan,North America,Rainbow Six Siege
 Fenix Esports,North America,Rainbow Six Siege
 FURIA Esports,North America,Rainbow Six Siege
 Furious Gaming,North America,Rainbow Six Siege
 Guidance Gaming,North America,Rainbow Six Siege
 INTZ,North America,Rainbow Six Siege
 Malvinas Gaming,North America,Rainbow Six Siege
 MeT,North America,Rainbow Six Siege
 MIBR,North America,Rainbow Six Siege
 Newstar,North America,Rainbow Six Siege
 Ninjas in Pyjamas,North America,Rainbow Six Siege
 OverKnight,North America,Rainbow Six Siege
 Red Wolf Esports Female,North America,Rainbow Six Siege
 Six Karma,North America,Rainbow Six Siege
 SuperNova Team,North America,Rainbow Six Siege
 Team Liquid,North America,Rainbow Six Siege
 Team oNe eSports,North America,Rainbow Six Siege
Chiefs Esports Club,Asia,Rainbow Six Siege
 CYCLOPS athlete gaming,Asia,Rainbow Six Siege
 DAMWON Gaming,Asia,Rainbow Six Siege
 Dire Wolves,Asia,Rainbow Six Siege
 Donuts Unsold Stuff Gaming,Asia,Rainbow Six Siege
 Elevate,Asia,Rainbow Six Siege
 FAV gaming,Asia,Rainbow Six Siege
 Fnatic,Asia,Rainbow Six Siege
 FURY,Asia,Rainbow Six Siege
 Invictus Gaming Int.,Asia,Rainbow Six Siege
 KIRA E-Sports,Asia,Rainbow Six Siege
 Knights,Asia,Rainbow Six Siege
 MercenarieZ,Asia,Rainbow Six Siege
 MonkaS,Asia,Rainbow Six Siege
 Northeption,Asia,Rainbow Six Siege
 ORDER,Asia,Rainbow Six Siege
 SANDBOX Gaming,Asia,Rainbow Six Siege
 Sengoku Gaming,Asia,Rainbow Six Siege
 Sharper Esport,Asia,Rainbow Six Siege
 T1,Asia,Rainbow Six Siege
 Talon Esports,Asia,Rainbow Six Siege
 Team Bliss,Asia,Rainbow Six Siege
 Velocity9,Asia,Rainbow Six Siege
 Wildcard Gaming,Asia,Rainbow Six Siege
 YOSHIMOTO Gaming Lamy,Asia,Rainbow Six Siege
 Zepto,Asia,Rainbow Six Siege
BIG,EU,PLAYERUNKNOWN'S BATTLEGROUNDS Mobile
  Beşiktaş Esports,EU,PLAYERUNKNOWN'S BATTLEGROUNDS Mobile
  Eastern Stars,EU,PLAYERUNKNOWN'S BATTLEGROUNDS Mobile
  Fenerbahçe Esports,EU,PLAYERUNKNOWN'S BATTLEGROUNDS Mobile
  Futbolist,EU,PLAYERUNKNOWN'S BATTLEGROUNDS Mobile
  Game-Lord,EU,PLAYERUNKNOWN'S BATTLEGROUNDS Mobile
  Giants,EU,PLAYERUNKNOWN'S BATTLEGROUNDS Mobile
  Kaos Next Rüya,EU,PLAYERUNKNOWN'S BATTLEGROUNDS Mobile
  Panda,EU,PLAYERUNKNOWN'S BATTLEGROUNDS Mobile
  S2G Esports,EU,PLAYERUNKNOWN'S BATTLEGROUNDS Mobile
  SuperMassive Blaze,EU,PLAYERUNKNOWN'S BATTLEGROUNDS Mobile
  Unicorns of Love,EU,PLAYERUNKNOWN'S BATTLEGROUNDS Mobile
  World of Wonders,EU,PLAYERUNKNOWN'S BATTLEGROUNDS Mobile
1218,CIS,PLAYERUNKNOWN'S BATTLEGROUNDS Mobile
  KDV eSports,CIS,PLAYERUNKNOWN'S BATTLEGROUNDS Mobile
  Konina Power,CIS,PLAYERUNKNOWN'S BATTLEGROUNDS Mobile
  MadBulls,CIS,PLAYERUNKNOWN'S BATTLEGROUNDS Mobile
  Major Pride,CIS,PLAYERUNKNOWN'S BATTLEGROUNDS Mobile
  Natus Vincere,CIS,PLAYERUNKNOWN'S BATTLEGROUNDS Mobile
  Team Unique,CIS,PLAYERUNKNOWN'S BATTLEGROUNDS Mobile
  Virtus.pro,CIS,PLAYERUNKNOWN'S BATTLEGROUNDS Mobile
Ghost Gaming,North America,PLAYERUNKNOWN'S BATTLEGROUNDS Mobile
  Knights,North America,PLAYERUNKNOWN'S BATTLEGROUNDS Mobile
  Lazarus,North America,PLAYERUNKNOWN'S BATTLEGROUNDS Mobile
  Mezexis Esport,North America,PLAYERUNKNOWN'S BATTLEGROUNDS Mobile
  Nova Esports North America,North America,PLAYERUNKNOWN'S BATTLEGROUNDS Mobile
  The Unnamed,North America,PLAYERUNKNOWN'S BATTLEGROUNDS Mobile
  XSET,North America,PLAYERUNKNOWN'S BATTLEGROUNDS Mobile
  9z Team,North America,PLAYERUNKNOWN'S BATTLEGROUNDS Mobile
  ACE1,North America,PLAYERUNKNOWN'S BATTLEGROUNDS Mobile
  Alpha7 Esports,North America,PLAYERUNKNOWN'S BATTLEGROUNDS Mobile
  Aton Esports,North America,PLAYERUNKNOWN'S BATTLEGROUNDS Mobile
  B4 eSports,North America,PLAYERUNKNOWN'S BATTLEGROUNDS Mobile
  Black Dragons e-Sports,North America,PLAYERUNKNOWN'S BATTLEGROUNDS Mobile
  Brazilian Effect,North America,PLAYERUNKNOWN'S BATTLEGROUNDS Mobile
  Brazilian Rampage,North America,PLAYERUNKNOWN'S BATTLEGROUNDS Mobile
  Buluc Chabtan,North America,PLAYERUNKNOWN'S BATTLEGROUNDS Mobile
  Chivas eSports,North America,PLAYERUNKNOWN'S BATTLEGROUNDS Mobile
  Estorm,North America,PLAYERUNKNOWN'S BATTLEGROUNDS Mobile
  Flamengo eSports,North America,PLAYERUNKNOWN'S BATTLEGROUNDS Mobile
  Furious Gaming,North America,PLAYERUNKNOWN'S BATTLEGROUNDS Mobile
  Honored Souls,North America,PLAYERUNKNOWN'S BATTLEGROUNDS Mobile
  iNCO Gaming,North America,PLAYERUNKNOWN'S BATTLEGROUNDS Mobile
  INFLUENCE RAGE,North America,PLAYERUNKNOWN'S BATTLEGROUNDS Mobile
  INTZ,North America,PLAYERUNKNOWN'S BATTLEGROUNDS Mobile
  Keyd Stars,North America,PLAYERUNKNOWN'S BATTLEGROUNDS Mobile
  Loops,North America,PLAYERUNKNOWN'S BATTLEGROUNDS Mobile
  Noobs Cartel,North America,PLAYERUNKNOWN'S BATTLEGROUNDS Mobile
  RED Canids,North America,PLAYERUNKNOWN'S BATTLEGROUNDS Mobile
  Rise Esports,North America,PLAYERUNKNOWN'S BATTLEGROUNDS Mobile
  Team Codasolid,North America,PLAYERUNKNOWN'S BATTLEGROUNDS Mobile
  Team Queso,North America,PLAYERUNKNOWN'S BATTLEGROUNDS Mobile
  Team SOG,North America,PLAYERUNKNOWN'S BATTLEGROUNDS Mobile
Action Culture Technology,China,PLAYERUNKNOWN'S BATTLEGROUNDS Mobile
  AgFox Black,China,PLAYERUNKNOWN'S BATTLEGROUNDS Mobile
  All Gamers,China,PLAYERUNKNOWN'S BATTLEGROUNDS Mobile
  Da Kun Gaming,China,PLAYERUNKNOWN'S BATTLEGROUNDS Mobile
  Four Angry Men,China,PLAYERUNKNOWN'S BATTLEGROUNDS Mobile
  JD Esports,China,PLAYERUNKNOWN'S BATTLEGROUNDS Mobile
  LGD Gaming,China,PLAYERUNKNOWN'S BATTLEGROUNDS Mobile
  Nova Esports,China,PLAYERUNKNOWN'S BATTLEGROUNDS Mobile
  Qing Jiu Club,China,PLAYERUNKNOWN'S BATTLEGROUNDS Mobile
  Regans Gaming,China,PLAYERUNKNOWN'S BATTLEGROUNDS Mobile
  Royal Never Give Up,China,PLAYERUNKNOWN'S BATTLEGROUNDS Mobile
  ShowTime,China,PLAYERUNKNOWN'S BATTLEGROUNDS Mobile
  Six Two Eight,China,PLAYERUNKNOWN'S BATTLEGROUNDS Mobile
  Still Moving Under Gunfire,China,PLAYERUNKNOWN'S BATTLEGROUNDS Mobile
  Team Weibo,China,PLAYERUNKNOWN'S BATTLEGROUNDS Mobile
  TeamPai,China,PLAYERUNKNOWN'S BATTLEGROUNDS Mobile
  The Chosen,China,PLAYERUNKNOWN'S BATTLEGROUNDS Mobile
  ThunderTalk Gaming,China,PLAYERUNKNOWN'S BATTLEGROUNDS Mobile
  Tianba,China,PLAYERUNKNOWN'S BATTLEGROUNDS Mobile
  Titan Esports Club,China,PLAYERUNKNOWN'S BATTLEGROUNDS Mobile
  Tong Jia Bao Esports,China,PLAYERUNKNOWN'S BATTLEGROUNDS Mobile
  Victory Five,China,PLAYERUNKNOWN'S BATTLEGROUNDS Mobile
ASA KOREA,Asia,PLAYERUNKNOWN'S BATTLEGROUNDS Mobile
  DAMWON Gaming,Asia,PLAYERUNKNOWN'S BATTLEGROUNDS Mobile
  DS Gaming,Asia,PLAYERUNKNOWN'S BATTLEGROUNDS Mobile
  Team Square,Asia,PLAYERUNKNOWN'S BATTLEGROUNDS Mobile
Southeast Asia,Asia,PLAYERUNKNOWN'S BATTLEGROUNDS Mobile
Thailand,Asia,PLAYERUNKNOWN'S BATTLEGROUNDS Mobile
  Bacon Time,Asia,PLAYERUNKNOWN'S BATTLEGROUNDS Mobile
  Buriram United Esports,Asia,PLAYERUNKNOWN'S BATTLEGROUNDS Mobile
  FaZe Clan,Asia,PLAYERUNKNOWN'S BATTLEGROUNDS Mobile
  King of Gamers Club,Asia,PLAYERUNKNOWN'S BATTLEGROUNDS Mobile
  MS Chonburi,Asia,PLAYERUNKNOWN'S BATTLEGROUNDS Mobile
  Onyx Esport,Asia,PLAYERUNKNOWN'S BATTLEGROUNDS Mobile
  The Infinity,Asia,PLAYERUNKNOWN'S BATTLEGROUNDS Mobile
  Valdus Esports,Asia,PLAYERUNKNOWN'S BATTLEGROUNDS Mobile
  Vampire Esports,Asia,PLAYERUNKNOWN'S BATTLEGROUNDS Mobile
Indonesia,Asia,PLAYERUNKNOWN'S BATTLEGROUNDS Mobile
  21 Esport,Asia,PLAYERUNKNOWN'S BATTLEGROUNDS Mobile
  Alter Ego LIMAX,Asia,PLAYERUNKNOWN'S BATTLEGROUNDS Mobile
  Aura Esports,Asia,PLAYERUNKNOWN'S BATTLEGROUNDS Mobile
  BONorth AmericaFIDE,Asia,PLAYERUNKNOWN'S BATTLEGROUNDS Mobile
  BOOM Esports,Asia,PLAYERUNKNOWN'S BATTLEGROUNDS Mobile
  Bigetron Ace,Asia,PLAYERUNKNOWN'S BATTLEGROUNDS Mobile
  Bigetron RA,Asia,PLAYERUNKNOWN'S BATTLEGROUNDS Mobile
  EVOS Reborn,Asia,PLAYERUNKNOWN'S BATTLEGROUNDS Mobile
  Geek Fam,Asia,PLAYERUNKNOWN'S BATTLEGROUNDS Mobile
  Genesis Dogma GIDS,Asia,PLAYERUNKNOWN'S BATTLEGROUNDS Mobile
  ION Esports,Asia,PLAYERUNKNOWN'S BATTLEGROUNDS Mobile
  Morph Team,Asia,PLAYERUNKNOWN'S BATTLEGROUNDS Mobile
  NFT Esports,Asia,PLAYERUNKNOWN'S BATTLEGROUNDS Mobile
  ONIC Esports,Asia,PLAYERUNKNOWN'S BATTLEGROUNDS Mobile
  RRQ RYU,Asia,PLAYERUNKNOWN'S BATTLEGROUNDS Mobile
  Skylightz Gaming Reverse Blue,Asia,PLAYERUNKNOWN'S BATTLEGROUNDS Mobile
  TAKAE ESPORTS,Asia,PLAYERUNKNOWN'S BATTLEGROUNDS Mobile
  VICTIM365,Asia,PLAYERUNKNOWN'S BATTLEGROUNDS Mobile
  Voin Victory88,Asia,PLAYERUNKNOWN'S BATTLEGROUNDS Mobile
Vietnam,Asia,PLAYERUNKNOWN'S BATTLEGROUNDS Mobile
  BN United,Asia,PLAYERUNKNOWN'S BATTLEGROUNDS Mobile
  BOX Gaming,Asia,PLAYERUNKNOWN'S BATTLEGROUNDS Mobile
  D'Xavier,Asia,PLAYERUNKNOWN'S BATTLEGROUNDS Mobile
  Eagle Esport,Asia,PLAYERUNKNOWN'S BATTLEGROUNDS Mobile
  Talent Esports,Asia,PLAYERUNKNOWN'S BATTLEGROUNDS Mobile
  V Gaming,Asia,PLAYERUNKNOWN'S BATTLEGROUNDS Mobile
Malaysia,Asia,PLAYERUNKNOWN'S BATTLEGROUNDS Mobile
  4Rivals,Asia,PLAYERUNKNOWN'S BATTLEGROUNDS Mobile
  Anti Circle,Asia,PLAYERUNKNOWN'S BATTLEGROUNDS Mobile
  EVOS ViP,Asia,PLAYERUNKNOWN'S BATTLEGROUNDS Mobile
  Farang Lejund,Asia,PLAYERUNKNOWN'S BATTLEGROUNDS Mobile
  Geek Fam Girls,Asia,PLAYERUNKNOWN'S BATTLEGROUNDS Mobile
  Geek Fam,Asia,PLAYERUNKNOWN'S BATTLEGROUNDS Mobile
  RSG Malaysia,Asia,PLAYERUNKNOWN'S BATTLEGROUNDS Mobile
  SEM9.GANK,Asia,PLAYERUNKNOWN'S BATTLEGROUNDS Mobile
  Team Bosskurr,Asia,PLAYERUNKNOWN'S BATTLEGROUNDS Mobile
  Team SMG,Asia,PLAYERUNKNOWN'S BATTLEGROUNDS Mobile
  Team Secret,Asia,PLAYERUNKNOWN'S BATTLEGROUNDS Mobile
Singapore,Asia,PLAYERUNKNOWN'S BATTLEGROUNDS Mobile
Myanmar,Asia,PLAYERUNKNOWN'S BATTLEGROUNDS Mobile
  Yangon Galacticos,Asia,PLAYERUNKNOWN'S BATTLEGROUNDS Mobile
Philippines,Asia,PLAYERUNKNOWN'S BATTLEGROUNDS Mobile
Cambodia,Asia,PLAYERUNKNOWN'S BATTLEGROUNDS Mobile
  Orange Esports,Asia,PLAYERUNKNOWN'S BATTLEGROUNDS Mobile
7Sea Esports,Asia,PLAYERUNKNOWN'S BATTLEGROUNDS Mobile
  7Sea Esports,Asia,PLAYERUNKNOWN'S BATTLEGROUNDS Mobile
  A1 eSports,Asia,PLAYERUNKNOWN'S BATTLEGROUNDS Mobile
  Abrupt Slayers,Asia,PLAYERUNKNOWN'S BATTLEGROUNDS Mobile
  Chemin Esports,Asia,PLAYERUNKNOWN'S BATTLEGROUNDS Mobile
  DRS GAMING,Asia,PLAYERUNKNOWN'S BATTLEGROUNDS Mobile
  Deadeyes Guys,Asia,PLAYERUNKNOWN'S BATTLEGROUNDS Mobile
  ElementriX,Asia,PLAYERUNKNOWN'S BATTLEGROUNDS Mobile
  Enigma Gaming,Asia,PLAYERUNKNOWN'S BATTLEGROUNDS Mobile
  Entity Gaming,Asia,PLAYERUNKNOWN'S BATTLEGROUNDS Mobile
  Free Style,Asia,PLAYERUNKNOWN'S BATTLEGROUNDS Mobile
  FutureStation Esports,Asia,PLAYERUNKNOWN'S BATTLEGROUNDS Mobile
  Global Esports,Asia,PLAYERUNKNOWN'S BATTLEGROUNDS Mobile
  GodLike Esports,Asia,PLAYERUNKNOWN'S BATTLEGROUNDS Mobile
  Hype,Asia,PLAYERUNKNOWN'S BATTLEGROUNDS Mobile
  JyanMaara,Asia,PLAYERUNKNOWN'S BATTLEGROUNDS Mobile
  Marcos Gaming,Asia,PLAYERUNKNOWN'S BATTLEGROUNDS Mobile
  Nigma Galaxy,Asia,PLAYERUNKNOWN'S BATTLEGROUNDS Mobile
  OREsports,Asia,PLAYERUNKNOWN'S BATTLEGROUNDS Mobile
  Orangutan,Asia,PLAYERUNKNOWN'S BATTLEGROUNDS Mobile
  Revenant Esports,Asia,PLAYERUNKNOWN'S BATTLEGROUNDS Mobile
  Rivalry Esports,Asia,PLAYERUNKNOWN'S BATTLEGROUNDS Mobile
  Skylightz Gaming,Asia,PLAYERUNKNOWN'S BATTLEGROUNDS Mobile
  Skylightz Gaming,Asia,PLAYERUNKNOWN'S BATTLEGROUNDS Mobile
  TEAM iNSANE,Asia,PLAYERUNKNOWN'S BATTLEGROUNDS Mobile
  TSM,Asia,PLAYERUNKNOWN'S BATTLEGROUNDS Mobile
  Team SouL,Asia,PLAYERUNKNOWN'S BATTLEGROUNDS Mobile
  Team Vitality,Asia,PLAYERUNKNOWN'S BATTLEGROUNDS Mobile
  Team XO,Asia,PLAYERUNKNOWN'S BATTLEGROUNDS Mobile
  TeamXSpark,Asia,PLAYERUNKNOWN'S BATTLEGROUNDS Mobile
  Trained to Kill,Asia,PLAYERUNKNOWN'S BATTLEGROUNDS Mobile
  Venom Legends,Asia,PLAYERUNKNOWN'S BATTLEGROUNDS Mobile
BC SWELL,Asia,PLAYERUNKNOWN'S BATTLEGROUNDS Mobile
  BLUE BEES,Asia,PLAYERUNKNOWN'S BATTLEGROUNDS Mobile
  DeToNator,Asia,PLAYERUNKNOWN'S BATTLEGROUNDS Mobile
  Donuts USG,Asia,PLAYERUNKNOWN'S BATTLEGROUNDS Mobile
  FOR7,Asia,PLAYERUNKNOWN'S BATTLEGROUNDS Mobile
  Lag Gaming,Asia,PLAYERUNKNOWN'S BATTLEGROUNDS Mobile
  REJECT,Asia,PLAYERUNKNOWN'S BATTLEGROUNDS Mobile
  SCARZ,Asia,PLAYERUNKNOWN'S BATTLEGROUNDS Mobile
  SunSister,Asia,PLAYERUNKNOWN'S BATTLEGROUNDS Mobile
  ZETA DIVISION,Asia,PLAYERUNKNOWN'S BATTLEGROUNDS Mobile
6N Team,Africa,PLAYERUNKNOWN'S BATTLEGROUNDS Mobile
  ALPHA Legends,Africa,PLAYERUNKNOWN'S BATTLEGROUNDS Mobile
  Arab Madness,Africa,PLAYERUNKNOWN'S BATTLEGROUNDS Mobile
  Cryptics,Africa,PLAYERUNKNOWN'S BATTLEGROUNDS Mobile
  Elites United Team,Africa,PLAYERUNKNOWN'S BATTLEGROUNDS Mobile
  FATE Esports,Africa,PLAYERUNKNOWN'S BATTLEGROUNDS Mobile
  FRAG Machines,Africa,PLAYERUNKNOWN'S BATTLEGROUNDS Mobile
  Falcons Esports,Africa,PLAYERUNKNOWN'S BATTLEGROUNDS Mobile
  Gunz Esports,Africa,PLAYERUNKNOWN'S BATTLEGROUNDS Mobile
  HeadQuarters,Africa,PLAYERUNKNOWN'S BATTLEGROUNDS Mobile
  Kurd Squad,Africa,PLAYERUNKNOWN'S BATTLEGROUNDS Mobile
  LiveToKill,Africa,PLAYERUNKNOWN'S BATTLEGROUNDS Mobile
  ME Assassins,Africa,PLAYERUNKNOWN'S BATTLEGROUNDS Mobile
  North AmericaSR Esports,Africa,PLAYERUNKNOWN'S BATTLEGROUNDS Mobile
  Nigma Galaxy,Africa,PLAYERUNKNOWN'S BATTLEGROUNDS Mobile
  RTG Esports,Africa,PLAYERUNKNOWN'S BATTLEGROUNDS Mobile
  Rico Infinity Esports,Africa,PLAYERUNKNOWN'S BATTLEGROUNDS Mobile
  SWAT69,Africa,PLAYERUNKNOWN'S BATTLEGROUNDS Mobile
  Sixty Nine Team,Africa,PLAYERUNKNOWN'S BATTLEGROUNDS Mobile
  Team RA'AD,Africa,PLAYERUNKNOWN'S BATTLEGROUNDS Mobile
  The Real Deal,Africa,PLAYERUNKNOWN'S BATTLEGROUNDS Mobile
  The Snipers,Africa,PLAYERUNKNOWN'S BATTLEGROUNDS Mobile
  YaLLa Esports,Africa,PLAYERUNKNOWN'S BATTLEGROUNDS Mobile
BDS Esport,EU,Call of Duty
 London Royal Ravens,EU,Call of Duty
 Paris Legion,EU,Call of Duty
 RØKKR Academy,EU,Call of Duty
 Team Singularity,EU,Call of Duty
Atlanta FaZe,North America,Call of Duty
 Boston Breach,North America,Call of Duty
 Built by Gamers,North America,Call of Duty
 EastR,North America,Call of Duty
 Florida Mutineers,North America,Call of Duty
 Los Angeles Guerrillas,North America,Call of Duty
 Los Angeles Thieves,North America,Call of Duty
 Minnesota RØKKR,North America,Call of Duty
 New York Subliners,North America,Call of Duty
 OpTic Texas,North America,Call of Duty
 Seattle Surge,North America,Call of Duty
 Team WaR,North America,Call of Duty
 Toronto Ultra,North America,Call of Duty
 Triumph,North America,Call of Duty
 UYU,North America,Call of Duty
 WestR,North America,Call of Duty
Alpha Esports,SA,Call of Duty
 Masters Ecuador,SA,Call of Duty
 Skull Cracker,SA,Call of Duty
 Team Smog,SA,Call of Duty
Mindfreak,Oceania,Call of Duty
 Renegades,Oceania,Call of Duty
 VOID,Oceania,Call of Duty
Bravado Gaming,Africa,Call of Duty
00 Nation DNB,EU,Rocket League
  AW3 Esports,EU,Rocket League
  Atlantide Wave,EU,Rocket League
  BS+COMPETITION,EU,Rocket League
  Coconutters,EU,Rocket League
  Dignitas,EU,Rocket League
  Edelweiss Esports,EU,Rocket League
  Endpoint CeX,EU,Rocket League
  Evil Geniuses,EU,Rocket League
  FC Barcelona,EU,Rocket League
  Guild Esports,EU,Rocket League
  Karmine Corp,EU,Rocket League
  Misfits Gaming,EU,Rocket League
  Mustu Fluck,EU,Rocket League
  Rix.GG,EU,Rocket League
  SK Gaming,EU,Rocket League
  SMPR Esports,EU,Rocket League
  Solary,EU,Rocket League
  Team BDS,EU,Rocket League
  Team Liquid,EU,Rocket League
  Team Queso,EU,Rocket League
  Team Singularity,EU,Rocket League
  Team Vitality,EU,Rocket League
  Williams Resolve,EU,Rocket League
  Wolves Esports,EU,Rocket League
72PC,North America,Rocket League
  AllMid,North America,Rocket League
  Buckos,North America,Rocket League
  Charlotte Phoenix,North America,Rocket League
  Complexity Gaming,North America,Rocket League
  eUnited,North America,Rocket League
  FaZe Clan,North America,Rocket League
  G2 Esports,North America,Rocket League
  Ghost Gaming,North America,Rocket League
  The General NRG,North America,Rocket League
  Oxygen Esports,North America,Rocket League
  Pittsburgh Knights,North America,Rocket League
  Randoms,North America,Rocket League
  Rogue,North America,Rocket League
  Shopify Rebellion,North America,Rocket League
  Spacestation Gaming,North America,Rocket League
  Speakeasy,North America,Rocket League
  Susquehanna Soniqs,North America,Rocket League
  Team .EXE,North America,Rocket League
  Team Envy,North America,Rocket League
  Torrent,North America,Rocket League
  Version1,North America,Rocket League
  XSET,North America,Rocket League
Juicd Bandits,Oceania,Rocket League
  Dire Wolves,Oceania,Rocket League
  Gaming Gamers,Oceania,Rocket League
  Ground Zero Gaming,Oceania,Rocket League
  Pioneers,Oceania,Rocket League
  R!OT Gaming,Oceania,Rocket League
  Renegades,Oceania,Rocket League
  Team Bliss,Oceania,Rocket League
Dream Conspiracy,SA,Rocket League
  eRa Eternity,SA,Rocket League
  Elevate,SA,Rocket League
  EndGame,SA,Rocket League
  Erased,SA,Rocket League
  FURIA Esports,SA,Rocket League
  InControl Nation,SA,Rocket League
  Leviatán,SA,Rocket League
  Flow Nocturns Gaming,SA,Rocket League
  Papo de Visão,SA,Rocket League
  Ruby,SA,Rocket League
  True Neutral,SA,Rocket League
  Vegas Inferno,SA,Rocket League
ANKAA,Africa,Rocket League
  Falcons Esports,Africa,Rocket League
  Nameless,Africa,Rocket League
  Revolution,Africa,Rocket League
  SCYTES,Africa,Rocket League
  Sandrock Gaming,Africa,Rocket League
  The Evil eSports,Africa,Rocket League
  The Ultimates,Africa,Rocket League
AIPX Gaming,Africa,Rocket League
  ATK,Africa,Rocket League
  Bravado Gaming,Africa,Rocket League
  Lost Legion Giants,Africa,Rocket League
  Orlando Pirates Exdee,Africa,Rocket League
Aloha,Asia,Rocket League
  DeToNator,Asia,Rocket League
  Nimmt55,Asia,Rocket League
  Parabellum Esports,Asia,Rocket League
  Team GanDerS,Asia,Rocket League
  Tokyo Verdy Esports,Asia,Rocket League
  Xayfhers,Asia,Rocket League
Asia and Pacific South,Asia,Rocket League
  3RATS,Asia,Rocket League
  Asia Manji,Asia,Rocket League
  Frost Esports,Asia,Rocket League
BLVKHVND,North America,Halo
 Built By Gamers,North America,Halo
 Cloud9,North America,Halo
 Complexity Gaming,North America,Halo
 Esports Arena Blue,North America,Halo
 Esports Arena Red,North America,Halo
 eUnited,North America,Halo
 Falling Esports,North America,Halo
 FaZe Clan,North America,Halo
 Final Boss,North America,Halo
 Fnatic,North America,Halo
 G2 Esports,North America,Halo
 Gamers First,North America,Halo
 OpTic Gaming,North America,Halo
 Oxygen Esports,North America,Halo
 Pioneers,North America,Halo
 Sentinels,North America,Halo
 Shopify Rebellion,North America,Halo
 Spacestation Gaming,North America,Halo
 Status Quo,North America,Halo
 The Guard,North America,Halo
 Torrent,North America,Halo
 VANDYL,North America,Halo
 XSET,North America,Halo
Altar Esports,SA,Halo
 Fire N Ice Esports,SA,Halo
 Pittsburgh Knights,SA,Halo
 Rebel,SA,Halo
 Team Cruelty,SA,Halo
 Timbers Esports,SA,Halo
Chiefs Esports Club,Oceania,Halo
 Dire Wolves,Oceania,Halo
 Divine Mind,Oceania,Halo
 Mindfreak,Oceania,Halo
 Team Immunity,Oceania,Halo
Eternal Faith,,WarCraft III
EwOk,,WarCraft III
Clan France,,WarCraft III
FrenchCraft,,WarCraft III
Global Clan,,WarCraft III
Hot Emo 1337,,WarCraft III
InFernales,,WarCraft III
Kings of Azeroth order,,WarCraft III
Lightning7,,WarCraft III
Les Reprouves,,WarCraft III
Pandaren Gaming,,WarCraft III
Playing Ducks,,WarCraft III
Power Rangers,,WarCraft III
RAPTOR Gaming,,WarCraft III
Rocket Beans,,WarCraft III
sp4rtans,,WarCraft III
second class Poles,,WarCraft III
Sun Gaming,,WarCraft III
uMaD Gaming,,WarCraft III
Washed Up,,WarCraft III
Zero Effort,,WarCraft III
Dragon Roar,,WarCraft III
Economics,,WarCraft III
Fight Guy Go Come on,,WarCraft III
Xiao Huang Ya Zi,,WarCraft III
Me We,,WarCraft III
Mountain Kings,,WarCraft III
Perfect Show,,WarCraft III
Team SiLence,,WarCraft III
Team SiLence.Elite,,WarCraft III
Team SiLence.Treasure Boy,,WarCraft III
Team SiLence.UnFriend,,WarCraft III
Warcraft Friend,,WarCraft III
Youth,,WarCraft III
Afreeca Freecs,,WarCraft III
LP Club,,WarCraft III
cowana Gaming,,WarCraft III
DuSt Gaming,,WarCraft III
KPI Gaming,,WarCraft III
mousesports,,WarCraft III
No Limit Gaming,,WarCraft III
Oceanus Gaming,,WarCraft III
RAGE Esports,,WarCraft III
Thunder Ducks,,WarCraft III
Timocka Esports,,WarCraft III
The JuNgLe TeaM,,WarCraft III
30k,North America,Heroes of the Storm
  30k(2),North America,Heroes of the Storm
  Blunt Force Fun,North America,Heroes of the Storm
  Broken Alliance,North America,Heroes of the Storm
  Chilly Mountain,North America,Heroes of the Storm
  Chilly Mountain Academy,North America,Heroes of the Storm
  Endemic Esports,North America,Heroes of the Storm
  ImprobaBull Victory,North America,Heroes of the Storm
  Inting for Globes,North America,Heroes of the Storm
  Juan Direction,North America,Heroes of the Storm
  LFM Esports,North America,Heroes of the Storm
  No Tomorrow,North America,Heroes of the Storm
  Order of the Sleeping Dragon,North America,Heroes of the Storm
  Oxygen Esports,North America,Heroes of the Storm
  PSISTORM Gaming,North America,Heroes of the Storm
  ReGen,North America,Heroes of the Storm
  Rouge et Au,North America,Heroes of the Storm
  STORM Esports,North America,Heroes of the Storm
  Scythe Esports,North America,Heroes of the Storm
  Sidestep Kings,North America,Heroes of the Storm
  Simplicity,North America,Heroes of the Storm
  Team Caliber,North America,Heroes of the Storm
  Team Good Guys,North America,Heroes of the Storm
  Tempo Storm,North America,Heroes of the Storm
  This Is Jimmy,North America,Heroes of the Storm
  VGM Gaming,North America,Heroes of the Storm
  WildHeart,North America,Heroes of the Storm
Appetizing,EU,Heroes of the Storm
  ArthasStroitHram,EU,Heroes of the Storm
  Black Queen,EU,Heroes of the Storm
  Devils,EU,Heroes of the Storm
  Diamond Hands,EU,Heroes of the Storm
  Dragons,EU,Heroes of the Storm
  ePunks,EU,Heroes of the Storm
  Falcons,EU,Heroes of the Storm
  Flavia Felix,EU,Heroes of the Storm
  GoogleIshetZont,EU,Heroes of the Storm
  Granit Gaming,EU,Heroes of the Storm
  Holy Bananas,EU,Heroes of the Storm
  Inting for Ruby,EU,Heroes of the Storm
  Leftovers,EU,Heroes of the Storm
  mYinsanity,EU,Heroes of the Storm
  Mantic0re,EU,Heroes of the Storm
  Memeldors Meme Machines,EU,Heroes of the Storm
  Monkey Menagerie,EU,Heroes of the Storm
  pepeMLADY,EU,Heroes of the Storm
  Please Buff Illidan,EU,Heroes of the Storm
  Power Spike,EU,Heroes of the Storm
  Rage & Quit Gaming,EU,Heroes of the Storm
  Roll20 esports,EU,Heroes of the Storm
  SoundLess,EU,Heroes of the Storm
  Belgium,EU,Heroes of the Storm
  Czech Republic,EU,Heroes of the Storm
  Denmark,EU,Heroes of the Storm
  Finland,EU,Heroes of the Storm
  France,EU,Heroes of the Storm
  Germany,EU,Heroes of the Storm
  Hungary,EU,Heroes of the Storm
  Italy,EU,Heroes of the Storm
  Netherlands,EU,Heroes of the Storm
  Norway,EU,Heroes of the Storm
  Poland,EU,Heroes of the Storm
  Portugal,EU,Heroes of the Storm
  Slovakia,EU,Heroes of the Storm
  Spain,EU,Heroes of the Storm
  Sweden,EU,Heroes of the Storm
  Turkey,EU,Heroes of the Storm
  Ukraine,EU,Heroes of the Storm
  United Kingdom,EU,Heroes of the Storm
  The Donuts,EU,Heroes of the Storm
  The Hardos,EU,Heroes of the Storm
  Unicorns,EU,Heroes of the Storm
  Wurst And,EU,Heroes of the Storm
Ballistix,Asia,Heroes of the Storm
  BlossoM,Asia,Heroes of the Storm
  Supernova,Asia,Heroes of the Storm
  Team Feliz,Asia,Heroes of the Storm
  Tempest,Asia,Heroes of the Storm
Luna Meow,Asia,Heroes of the Storm
Mirrmaid,Asia,Heroes of the Storm
A-Team,China,Heroes of the Storm
  Beyond The Game,China,Heroes of the Storm
  Chall Enge,China,Heroes of the Storm
  KT,China,Heroes of the Storm
  KiTN,China,Heroes of the Storm
  RPG,China,Heroes of the Storm
  Super Perfect Team,China,Heroes of the Storm
  Team Nut,China,Heroes of the Storm
  TheOne,China,Heroes of the Storm
  Tsunami,China,Heroes of the Storm
Aztech Entertainment,Oceania,Heroes of the Storm
  Crimson Gaming,Oceania,Heroes of the Storm
  EmproX,Oceania,Heroes of the Storm
  Impenetrable Hill,Oceania,Heroes of the Storm
  Mindfreak,Oceania,Heroes of the Storm
  Morton's Monkeys,Oceania,Heroes of the Storm
  Pleb2Pro,Oceania,Heroes of the Storm
  REEality,Oceania,Heroes of the Storm
  Twisted Vision,Oceania,Heroes of the Storm
  Xylophone,Oceania,Heroes of the Storm
Air Force ACE,,StarCraft: Brood War 
CJ Entus,,StarCraft: Brood War 
KT Rolster,,StarCraft: Brood War 
Samsung KHAN,,StarCraft: Brood War 
SK Telecom T1,,StarCraft: Brood War 
STX SouL,,StarCraft: Brood War 
Woongjin Stars,,StarCraft: Brood War 
Team 8,,StarCraft: Brood War 
AddFriend,EU,Overwatch
AWW YEAH,EU,Overwatch
Falcons Esport EU,EU,Overwatch
Granit Gaming,EU,Overwatch
Munich eSports,EU,Overwatch
Raspberry Racers,EU,Overwatch
RIP,EU,Overwatch
Sheer Cold,EU,Overwatch
Shu's Money Crew EU,EU,Overwatch
Altiora,North America,Overwatch
Dice Gaming,North America,Overwatch
Drifters,North America,Overwatch
G-Force,North America,Overwatch
Solaris,North America,Overwatch
Third Impact,North America,Overwatch
Uprising Academy,North America,Overwatch
WISP,North America,Overwatch
Gen.G esports,Asia,Overwatch
Incendia Evolution,Asia,Overwatch
JNGK,Asia,Overwatch
O2 Blast,Asia,Overwatch
SLT,Asia,Overwatch
T1,Asia,Overwatch
Talon Esports,Asia,Overwatch
Team BM,Asia,Overwatch
Team Diamond,Asia,Overwatch
tiger nation,Asia,Overwatch
WILL BE,Asia,Overwatch
World Game Star Phoenix,Asia,Overwatch
01_esports,CIS,Overwatch
Falcons Esport,CIS,Overwatch
Osh-Tekk Warriors,CIS,Overwatch
The Ultimates,CIS,Overwatch
Bilibili Gaming,China,Overwatch
Team Chaser,China,Overwatch
The One Winner,China,Overwatch
Team CC,China,Overwatch
Time Resume,China,Overwatch
UP Academy,China,Overwatch
Dire Wolves,Oceania,Overwatch
Ground Zero Gaming,Oceania,Overwatch
Mindfreak,Oceania,Overwatch
Warriors Esports,Oceania,Overwatch
Accelerated Evolution,North America,Hearthstone
Circa eSports,North America,Hearthstone
Cloud9,North America,Hearthstone
Complexity Gaming,North America,Hearthstone
Kyoto eSports,North America,Hearthstone
NRG Esports,North America,Hearthstone
ROOT Gaming,North America,Hearthstone
Splyce,North America,Hearthstone
Team AGG,North America,Hearthstone
Team Archon,North America,Hearthstone
Team Ascension,North America,Hearthstone
Team SoloMid,North America,Hearthstone
Tempo Storm,North America,Hearthstone
Team SoliD,North America,Hearthstone
Team Oplon,EU,Hearthstone
ENCE eSports,EU,Hearthstone
Cologne Gaming Network,EU,Hearthstone
Dark Tigers,EU,Hearthstone
Epiphany Bolt,EU,Hearthstone
Nuit Blanche,EU,Hearthstone
AceBreakers EU,EU,Hearthstone
Team BX3,EU,Hearthstone
Comrade Gaming,EU,Hearthstone
Zone eSports,EU,Hearthstone
Meet Your Makers,EU,Hearthstone
Tricked eSport,EU,Hearthstone
PeeKee Faction,EU,Hearthstone
eSuba,EU,Hearthstone
Sector One,EU,Hearthstone
Team MiA,EU,Hearthstone
Planetkey Dynamics,EU,Hearthstone
PENTA Sports,EU,Hearthstone
eEriness,EU,Hearthstone
Team Wildcard,EU,Hearthstone
Team Empire,EU,Hearthstone
Copenhagen Wolves,EU,Hearthstone
Team Dignitas,EU,Hearthstone
CPLAY Tt eSports,EU,Hearthstone
Fnatic,EU,Hearthstone
Team Lucky Draw,EU,Hearthstone
GamersOrigin,EU,Hearthstone
Play5,EU,Hearthstone
Millenium,EU,Hearthstone
Pink Ward,EU,Hearthstone
Vega Squadron,EU,Hearthstone
Dactylion eSport,EU,Hearthstone
Team Refuse,EU,Hearthstone
Delirium Tremens,EU,Hearthstone
Method,EU,Hearthstone
Team Darkstar,EU,Hearthstone
Eliteam,EU,Hearthstone
SK Gaming,EU,Hearthstone
Klan Dark Venom,EU,Hearthstone
Razor's Edge Gaming,EU,Hearthstone
Punchline ESC,EU,Hearthstone
Team Liquid,EU,Hearthstone
SFH-Gaming,EU,Hearthstone
Samsung Gaming eSports,EU,Hearthstone
H2k Gaming,EU,Hearthstone
wSystem e-Sports Club,EU,Hearthstone
Infected Gaming,EU,Hearthstone
NoMERCY,EU,Hearthstone
LowLandLions,EU,Hearthstone
Team Infused,EU,Hearthstone
Template:Team/wolves,EU,Hearthstone
Black Ravens,EU,Hearthstone
MadCorps,EU,Hearthstone
RUZ3. Gaming,EU,Hearthstone
Playing Ducks,EU,Hearthstone
Team Renegade,EU,Hearthstone
Elysium Gaming,EU,Hearthstone
Stone Templars,EU,Hearthstone
On Top,EU,Hearthstone
Flow Esports,EU,Hearthstone
Qualitas Helvetica,EU,Hearthstone
RELAPSE Gaming,EU,Hearthstone
Team HoP eSports Crew,EU,Hearthstone
Supernova eSports,EU,Hearthstone
Resurgence,Asia,Hearthstone
ManaSurge,Asia,Hearthstone
Abyssus,Asia,Hearthstone
M8 Gaming,Asia,Hearthstone
Big3,Asia,Hearthstone
All-Killers,Asia,Hearthstone
Invictus Gaming,Asia,Hearthstone
World Elite,Asia,Hearthstone
Vici Gaming,Asia,Hearthstone
Golden Coin,Asia,Hearthstone
Hong Kong Attitude,Asia,Hearthstone
yoe Flash Wolves,Asia,Hearthstone
Team Magicamy,Asia,Hearthstone
Newbee,Asia,Hearthstone
Team DouyuTV,Asia,Hearthstone
An Phat Ultimate,Asia,Hearthstone
EDward Gaming,Asia,Hearthstone
Wayi Spider,Asia,Hearthstone
Aracne Esports,SA,Hearthstone
Independent,Asia,Shadowverse
Independent,Asia,Shadowverse
Independent,EU,chess24
Independent,North America,chess24
Independent,North America,chess24
Independent,Asia,Auto Chess
Independent,North America,Painkiller
Independent,North America,Quake Champions
Independent,North America,Super Smash Bros. Melee
Independent,Asia,Street Fighter V
Independent,North America,Street Fighter V
Independent,North America,Madden NFL 2013
Independent,North America,Mortal Kombat X
Independent,SA,Magic: The Gathering Arena
Independent,CIS,FIFA
Independent,EU,FIFA
Independent,EU,FIFA
Independent,EU,FIFA
Digital Chaos,NA,Dota 2